Rk,Date,G,Age,Tm,,Opp,,G,A,PTS,+/-,PIM,EV,PP,SH,GW,EV,PP,SH,S,S%,SHFT,TOI,HIT,BLK,FOW,FOL,FO%
1,10/3/19,1,31-145,BOS_LW,@,DAL,W,0,0,0,0,0,0,0,0,0,0,0,0,1,0,22,18:58,1,1,0,0,
2,10/5/19,2,31-147,BOS_LW,@,ARI,W,1,0,1,1,0,1,0,0,1,0,0,0,3,33.3,23,20:00,1,1,0,0,
3,10/8/19,3,31-150,BOS_LW,@,VEG,W,2,1,3,1,2,1,1,0,0,1,0,0,3,66.7,24,17:55,0,0,1,0,100
4,10/10/19,4,31-152,BOS_LW,@,COL,L,0,1,1,0,0,0,0,0,0,1,0,0,3,0,27,20:09,0,0,0,1,0
5,10/12/19,5,31-154,BOS_LW,,NJD,W,1,1,2,1,0,1,0,0,1,0,1,0,3,33.3,22,18:30,0,0,0,0,
6,10/14/19,6,31-156,BOS_LW,,ANA,W,0,2,2,1,0,0,0,0,0,1,1,0,0,,25,18:06,1,0,0,0,
7,10/17/19,7,31-159,BOS_LW,,TBL,L-SO,0,2,2,0,2,0,0,0,0,0,2,0,3,0,27,23:36,1,0,0,0,
8,10/19/19,8,31-161,BOS_LW,@,TOR,L-OT,0,1,1,0,0,0,0,0,0,1,0,0,5,0,27,22:38,0,0,2,0,100
9,10/22/19,9,31-164,BOS_LW,,TOR,W,1,1,2,1,2,1,0,0,0,0,1,0,4,25,27,19:44,0,0,1,0,100
10,10/26/19,10,31-168,BOS_LW,,STL,W,0,1,1,1,0,0,0,0,0,0,1,0,2,0,23,21:30,1,0,0,0,
11,10/27/19,11,31-169,BOS_LW,@,NYR,W,2,3,5,5,4,2,0,0,0,3,0,0,5,40,24,17:05,1,0,0,0,
12,10/29/19,12,31-171,BOS_LW,,SJS,W,0,1,1,0,12,0,0,0,0,0,1,0,5,0,17,15:20,0,0,0,2,0
13,11/2/19,13,31-175,BOS_LW,,OTT,W,1,1,2,0,6,0,1,0,0,1,0,0,2,50,22,16:28,1,0,2,0,100
14,11/4/19,14,31-177,BOS_LW,,PIT,W,2,3,5,4,0,2,0,0,1,3,0,0,2,100,23,24:21:00,0,0,1,0,100
15,11/5/19,15,31-178,BOS_LW,@,MTL,L,0,0,0,-2,0,0,0,0,0,0,0,0,0,,25,18:52,2,0,2,1,66.7
16,11/8/19,16,31-181,BOS_LW,@,DET,L,0,0,0,-2,7,0,0,0,0,0,0,0,0,,26,20:23,0,0,0,5,0
17,11/10/19,17,31-183,BOS_LW,,PHI,L-SO,1,0,1,-1,0,1,0,0,0,0,0,0,3,33.3,23,21:15,0,0,0,1,0
18,11/12/19,18,31-185,BOS_LW,,FLA,L-SO,0,1,1,0,4,0,0,0,0,0,1,0,3,0,26,19:42,2,0,0,0,
19,11/15/19,19,31-188,BOS_LW,@,TOR,W,2,0,2,1,0,2,0,0,1,0,0,0,7,28.6,22,18:18,0,0,0,1,0
20,11/16/19,20,31-189,BOS_LW,,WSH,L-SO,0,0,0,0,0,0,0,0,0,0,0,0,1,0,25,24:52:00,0,0,0,2,0
21,11/19/19,21,31-192,BOS_LW,@,NJD,W,0,3,3,3,0,0,0,0,0,2,1,0,0,,22,16:52,0,0,1,1,50
22,11/21/19,22,31-194,BOS_LW,,BUF,W,2,0,2,1,0,1,1,0,0,0,0,0,2,100,22,19:20,2,0,0,2,0
23,11/23/19,23,31-196,BOS_LW,,MIN,W,1,1,2,2,4,1,0,0,0,1,0,0,2,50,28,19:06,1,0,1,0,100
24,11/26/19,24,31-199,BOS_LW,@,MTL,W,1,2,3,2,0,1,0,0,0,1,1,0,4,25,20,15:36,0,1,0,1,0
25,11/27/19,25,31-200,BOS_LW,@,OTT,W,1,0,1,1,0,1,0,0,0,0,0,0,2,50,21,19:37,0,1,0,0,
26,11/29/19,26,31-202,BOS_LW,,NYR,W,0,0,0,0,0,0,0,0,0,0,0,0,1,0,22,19:43,0,0,0,0,
27,12/1/19,27,31-204,BOS_LW,,MTL,W,0,0,0,-1,0,0,0,0,0,0,0,0,0,,23,20:43,0,1,0,1,0
1,10/3/18,1,30-145,BOS_LW,@,WSH,L,0,0,0,-2,19,0,0,0,0,0,0,0,1,0,20,14:56,1,0,0,0,
2,10/4/18,2,30-146,BOS_LW,@,BUF,W,0,4,4,3,0,0,0,0,0,2,1,1,0,,22,17:10,0,0,0,1,0
3,10/8/18,3,30-150,BOS_LW,,OTT,W,0,3,3,3,0,0,0,0,0,2,1,0,2,0,25,18:47,0,0,0,3,0
4,10/11/18,4,30-153,BOS_LW,,EDM,W,1,0,1,0,0,0,1,0,1,0,0,0,3,33.3,24,20:19,0,0,1,1,50
5,10/13/18,5,30-155,BOS_LW,,DET,W,0,2,2,2,2,0,0,0,0,1,1,0,0,,22,15:27,0,0,0,1,0
6,10/17/18,6,30-159,BOS_LW,@,CGY,L,1,0,1,-1,0,1,0,0,0,0,0,0,1,100,24,20:32,0,0,0,0,
7,10/18/18,7,30-160,BOS_LW,@,EDM,L-OT,0,1,1,0,0,0,0,0,0,1,0,0,4,0,24,21:33,2,0,1,1,50
8,10/20/18,8,30-162,BOS_LW,@,VAN,L-OT,0,0,0,-1,0,0,0,0,0,0,0,0,2,0,26,23:52,0,0,0,0,
9,10/23/18,9,30-165,BOS_LW,@,OTT,W,0,1,1,1,7,0,0,0,0,1,0,0,2,0,23,15:06,2,0,0,1,0
10,10/25/18,10,30-167,BOS_LW,,PHI,W,0,0,0,0,0,0,0,0,0,0,0,0,1,0,23,24:10:00,0,0,1,2,33.3
11,10/27/18,11,30-169,BOS_LW,,MTL,L,0,0,0,-2,2,0,0,0,0,0,0,0,1,0,27,21:00,0,0,2,1,66.7
12,10/30/18,12,30-172,BOS_LW,@,CAR,W,2,0,2,1,2,1,1,0,1,0,0,0,5,40,26,20:27,1,1,1,1,50
13,11/3/18,13,30-176,BOS_LW,@,NSH,L,0,0,0,0,14,0,0,0,0,0,0,0,4,0,21,18:21,0,2,0,1,0
14,11/5/18,14,30-178,BOS_LW,,DAL,W,1,0,1,-1,0,0,1,0,1,0,0,0,5,20,25,22:06,0,0,1,2,33.3
15,11/8/18,15,30-181,BOS_LW,,VAN,L,0,1,1,-2,2,0,0,0,0,0,1,0,1,0,24,22:14,1,1,2,2,50
16,11/10/18,16,30-183,BOS_LW,,TOR,W,0,2,2,2,0,0,0,0,0,0,2,0,1,0,23,18:38,0,0,2,3,40
17,11/11/18,17,30-184,BOS_LW,,VEG,W,1,0,1,1,0,1,0,0,0,0,0,0,3,33.3,23,19:44,1,0,1,0,100
18,11/14/18,18,30-187,BOS_LW,@,COL,L,0,0,0,-1,0,0,0,0,0,0,0,0,2,0,23,18:53,0,0,0,0,
19,11/16/18,19,30-189,BOS_LW,@,DAL,L-OT,0,0,0,-1,18,0,0,0,0,0,0,0,1,0,19,15:05,0,2,2,1,66.7
20,11/17/18,20,30-190,BOS_LW,@,ARI,W,0,1,1,0,0,0,0,0,0,1,0,0,4,0,23,21:37,0,0,1,1,50
21,11/21/18,21,30-194,BOS_LW,@,DET,L-OT,0,0,0,0,0,0,0,0,0,0,0,0,2,0,22,16:15,0,0,1,1,50
22,11/23/18,22,30-196,BOS_LW,,PIT,W,0,0,0,0,0,0,0,0,0,0,0,0,7,0,27,20:20,1,2,2,3,40
23,11/24/18,23,30-197,BOS_LW,@,MTL,W,0,0,0,-1,4,0,0,0,0,0,0,0,4,0,21,19:57,0,0,0,1,0
24,11/26/18,24,30-199,BOS_LW,@,TOR,L,0,2,2,0,0,0,0,0,0,1,1,0,3,0,21,20:41,1,0,2,0,100
25,11/29/18,25,30-202,BOS_LW,,NYI,W,1,0,1,0,0,0,1,0,0,0,0,0,4,25,23,21:39,1,0,1,3,25
26,12/1/18,26,30-204,BOS_LW,,DET,L,0,0,0,-2,2,0,0,0,0,0,0,0,3,0,25,22:14,4,0,1,1,50
27,12/4/18,27,30-207,BOS_LW,@,FLA,L,0,0,0,0,0,0,0,0,0,0,0,0,4,0,21,16:52,1,0,0,1,0
28,12/6/18,28,30-209,BOS_LW,@,TBL,L,0,0,0,-1,0,0,0,0,0,0,0,0,6,0,23,20:59,1,0,1,1,50
29,12/8/18,29,30-211,BOS_LW,,TOR,W,0,3,3,2,0,0,0,0,0,2,1,0,1,0,26,20:16,2,1,1,1,50
30,12/9/18,30,30-212,BOS_LW,@,OTT,W,1,1,2,1,2,0,1,0,0,1,0,0,9,11.1,23,23:39,2,0,0,2,0
31,12/11/18,31,30-214,BOS_LW,,ARI,W,2,1,3,3,0,2,0,0,1,1,0,0,4,50,27,23:15,1,0,4,1,80
32,12/14/18,32,30-217,BOS_LW,@,PIT,L,0,1,1,-1,0,0,0,0,0,1,0,0,2,0,22,21:50,1,0,0,1,0
33,12/16/18,33,30-219,BOS_LW,,BUF,L,0,0,0,-1,0,0,0,0,0,0,0,0,2,0,22,22:13,0,0,0,0,
34,12/17/18,34,30-220,BOS_LW,@,MTL,W,1,0,1,1,2,0,1,0,0,0,0,0,2,50,23,18:44,0,0,0,0,
35,12/20/18,35,30-223,BOS_LW,,ANA,W,0,2,2,0,2,0,0,0,0,1,1,0,5,0,23,18:42,0,0,0,0,
36,12/22/18,36,30-225,BOS_LW,,NSH,W,1,2,3,2,0,0,1,0,1,2,0,0,6,16.7,24,18:50,0,1,0,1,0
37,12/23/18,37,30-226,BOS_LW,@,CAR,L,0,2,2,0,0,0,0,0,0,1,1,0,2,0,26,22:30,1,0,0,0,
38,12/27/18,38,30-230,BOS_LW,,NJD,L,0,0,0,0,0,0,0,0,0,0,0,0,4,0,23,20:20,0,0,2,1,66.7
39,1/1/19,39,30-235,BOS_LW,@,CHI,W,1,0,1,1,0,1,0,0,0,0,0,0,5,20,27,19:13,2,0,2,3,40
40,1/3/19,40,30-237,BOS_LW,,CGY,W,2,0,2,0,2,2,0,0,0,0,0,0,4,50,24,18:27,1,1,0,0,
41,1/5/19,41,30-239,BOS_LW,,BUF,W,0,0,0,0,0,0,0,0,0,0,0,0,4,0,21,19:58,3,0,1,0,100
42,1/8/19,42,30-242,BOS_LW,,MIN,W,1,2,3,1,0,1,0,0,0,0,2,0,1,100,18,12:47,0,0,0,0,
43,1/10/19,43,30-244,BOS_LW,,WSH,L,0,0,0,-3,0,0,0,0,0,0,0,0,2,0,22,23:01,0,0,1,0,100
44,1/12/19,44,30-246,BOS_LW,@,TOR,W,0,0,0,-1,0,0,0,0,0,0,0,0,6,0,25,19:37,0,0,0,2,0
45,1/14/19,45,30-248,BOS_LW,,MTL,L-OT,1,1,2,-2,0,1,0,0,0,0,1,0,6,16.7,23,18:26,2,0,1,4,20
46,1/16/19,46,30-250,BOS_LW,@,PHI,L,0,2,2,1,0,0,0,0,0,1,1,0,0,,23,21:00,1,0,1,1,50
47,1/17/19,47,30-251,BOS_LW,,STL,W,1,0,1,0,0,1,0,0,0,0,0,0,2,50,22,21:08,2,0,0,0,
48,1/19/19,48,30-253,BOS_LW,,NYR,L,1,0,1,-1,0,1,0,0,0,0,0,0,4,25,22,19:29,0,0,0,0,
49,1/29/19,49,30-263,BOS_LW,,WPG,L-SO,0,3,3,0,0,0,0,0,0,2,1,0,0,,27,20:25,0,0,0,0,
50,1/31/19,50,30-265,BOS_LW,,PHI,L-OT,0,1,1,1,2,0,0,0,0,0,1,0,0,,25,19:45,0,1,0,0,
51,2/3/19,51,30-268,BOS_LW,@,WSH,W,0,0,0,0,0,0,0,0,0,0,0,0,7,0,21,20:04,0,0,1,0,100
52,2/5/19,52,30-270,BOS_LW,,NYI,W,0,2,2,2,0,0,0,0,0,2,0,0,1,0,21,17:49,0,1,0,0,
53,2/6/19,53,30-271,BOS_LW,@,NYR,L-SO,0,2,2,0,0,0,0,0,0,1,1,0,1,0,25,19:29,0,0,1,1,50
54,2/9/19,54,30-274,BOS_LW,,LAK,W,1,1,2,3,0,0,0,1,0,1,0,0,3,33.3,25,22:30,0,0,1,0,100
55,2/10/19,55,30-275,BOS_LW,,COL,W,1,1,2,1,0,1,0,0,1,1,0,0,2,50,24,18:52,1,0,0,1,0
56,2/12/19,56,30-277,BOS_LW,,CHI,W,1,3,4,3,2,1,0,0,0,3,0,0,3,33.3,22,20:29,1,1,0,1,0
57,2/15/19,57,30-280,BOS_LW,@,ANA,W,0,0,0,0,0,0,0,0,0,0,0,0,2,0,20,18:18,0,0,0,0,
58,2/16/19,58,30-281,BOS_LW,@,LAK,W,1,0,1,2,2,1,0,0,0,0,0,0,1,100,22,17:44,0,0,0,0,
59,2/18/19,59,30-283,BOS_LW,@,SJS,W,0,0,0,-1,0,0,0,0,0,0,0,0,0,,29,23:44,1,2,0,0,
60,2/20/19,60,30-285,BOS_LW,@,VEG,W,1,0,1,0,0,1,0,0,0,0,0,0,4,25,21,21:11,0,1,1,1,50
61,2/23/19,61,30-288,BOS_LW,@,STL,L-SO,0,0,0,0,2,0,0,0,0,0,0,0,2,0,24,19:39,0,0,0,1,0
62,2/26/19,62,30-291,BOS_LW,,SJS,W,1,2,3,2,0,0,0,1,0,1,1,0,4,25,22,16:13,1,0,0,0,
63,2/28/19,63,30-293,BOS_LW,,TBL,W,1,0,1,2,0,1,0,0,0,0,0,0,5,20,21,18:19,0,0,0,0,
64,3/2/19,64,30-295,BOS_LW,,NJD,W,1,0,1,0,0,0,1,0,1,0,0,0,3,33.3,20,18:47,2,0,0,1,0
65,3/5/19,65,30-298,BOS_LW,,CAR,W,0,1,1,-1,0,0,0,0,0,0,0,1,4,0,26,22:27,0,0,0,0,
66,3/7/19,66,30-300,BOS_LW,,FLA,W,0,3,3,2,0,0,0,0,0,1,1,1,1,0,25,21:12,1,0,0,0,
67,3/9/19,67,30-302,BOS_LW,,OTT,W,1,0,1,-1,2,0,1,0,0,0,0,0,3,33.3,22,18:11,0,0,0,1,0
68,3/10/19,68,30-303,BOS_LW,@,PIT,L,0,1,1,-3,0,0,0,0,0,0,1,0,5,0,24,20:21,1,0,0,0,
69,3/12/19,69,30-305,BOS_LW,@,CBJ,L,2,1,3,-1,0,2,0,0,0,0,0,1,5,40,24,21:22,1,0,0,0,
70,3/14/19,70,30-307,BOS_LW,@,WPG,L,0,0,0,0,2,0,0,0,0,0,0,0,3,0,22,19:37,0,0,0,0,
71,3/16/19,71,30-309,BOS_LW,,CBJ,W,1,1,2,1,0,1,0,0,1,0,1,0,6,16.7,27,21:44,1,0,2,0,100
72,3/19/19,72,30-312,BOS_LW,@,NYI,W,0,0,0,0,0,0,0,0,0,0,0,0,1,0,20,15:32,0,0,0,0,
73,3/21/19,73,30-314,BOS_LW,@,NJD,W,0,3,3,3,0,0,0,0,0,3,0,0,1,0,18,15:54,0,0,0,1,0
74,3/23/19,74,30-316,BOS_LW,@,FLA,W,1,1,2,2,0,1,0,0,0,1,0,0,2,50,22,18:01,0,1,0,1,0
75,3/25/19,75,30-318,BOS_LW,@,TBL,L,2,0,2,0,2,1,1,0,0,0,0,0,4,50,23,17:02,0,0,0,0,
76,3/27/19,76,30-320,BOS_LW,,NYR,W,0,3,3,0,0,0,0,0,0,0,3,0,0,,20,19:46,0,0,0,0,
77,3/30/19,77,30-323,BOS_LW,,FLA,L,0,0,0,-3,0,0,0,0,0,0,0,0,3,0,21,16:53,1,0,0,0,
78,3/31/19,78,30-324,BOS_LW,@,DET,L,1,0,1,-2,0,0,0,1,0,0,0,0,5,20,22,19:57,0,0,2,0,100
79,4/2/19,79,30-326,BOS_LW,@,CBJ,W,1,1,2,2,2,1,0,0,1,1,0,0,3,33.3,20,16:40,0,1,1,1,50
1,10/5/17,1,29-147,BOS_LW,,NSH,W,1,0,1,1,0,0,0,1,1,0,0,0,1,100,26,21:44,0,1,2,1,66.7
2,10/9/17,2,29-151,BOS_LW,,COL,L,0,0,0,-1,0,0,0,0,0,0,0,0,1,0,19,18:57,0,0,1,0,100
3,10/11/17,3,29-153,BOS_LW,@,COL,L,1,1,2,-2,0,1,0,0,0,0,1,0,3,33.3,27,20:53,0,1,2,1,66.7
4,10/14/17,4,29-156,BOS_LW,@,ARI,W,1,1,2,3,0,1,0,0,0,1,0,0,2,50,22,17:35,0,0,1,0,100
5,10/15/17,5,29-157,BOS_LW,@,VEG,L,0,1,1,0,0,0,0,0,0,1,0,0,3,0,23,19:27,0,0,2,3,40
6,10/19/17,6,29-161,BOS_LW,,VAN,W,1,2,3,2,2,1,0,0,0,1,1,0,3,33.3,27,20:59,1,0,1,3,25
7,10/21/17,7,29-163,BOS_LW,,BUF,L-OT,2,0,2,0,0,1,1,0,0,0,0,0,5,40,31,21:27,0,0,2,2,50
8,10/26/17,8,29-168,BOS_LW,,SJS,W,0,0,0,0,0,0,0,0,0,0,0,0,1,0,28,22:35,0,1,0,2,0
9,10/28/17,9,29-170,BOS_LW,,LAK,L-OT,1,0,1,1,0,1,0,0,0,0,0,0,2,50,29,25:17:00,2,0,1,0,100
10,10/30/17,10,29-172,BOS_LW,@,CBJ,L-SO,1,0,1,0,4,0,1,0,0,0,0,0,1,100,32,23:26,1,1,1,2,33.3
11,11/2/17,11,29-175,BOS_LW,,VEG,W,0,0,0,0,0,0,0,0,0,0,0,0,2,0,26,21:59,0,0,2,4,33.3
12,11/4/17,12,29-177,BOS_LW,,WSH,L,0,1,1,1,0,0,0,0,0,0,1,0,4,0,25,22:34,0,1,1,0,100
13,11/10/17,13,29-183,BOS_LW,@,TOR,L-OT,0,1,1,1,0,0,0,0,0,1,0,0,3,0,27,23:02,0,0,0,4,0
14,11/11/17,14,29-184,BOS_LW,,TOR,L,0,0,0,-1,4,0,0,0,0,0,0,0,5,0,23,21:08,0,0,0,2,0
15,11/29/17,15,29-202,BOS_LW,,TBL,W,0,2,2,2,4,0,0,0,0,2,0,0,3,0,28,22:09,0,3,1,0,100
16,12/2/17,16,29-205,BOS_LW,@,PHI,W,1,1,2,2,0,1,0,0,0,1,0,0,2,50,23,15:52,2,1,0,0,
17,12/4/17,17,29-207,BOS_LW,@,NSH,L,0,1,1,1,2,0,0,0,0,1,0,0,2,0,25,21:50,0,0,0,1,0
18,12/7/17,18,29-210,BOS_LW,,ARI,W,1,1,2,1,0,1,0,0,0,0,1,0,1,100,20,16:55,2,0,0,2,0
19,12/9/17,19,29-212,BOS_LW,,NYI,W,1,0,1,0,5,0,1,0,0,0,0,0,3,33.3,29,19:51,1,1,0,0,
20,12/13/17,20,29-216,BOS_LW,@,DET,W,1,1,2,1,0,1,0,0,1,1,0,0,2,50,26,21:27,0,0,0,3,0
21,12/14/17,21,29-217,BOS_LW,,WSH,L,0,1,1,-2,12,0,0,0,0,0,1,0,2,0,21,17:44,0,2,1,3,25
22,12/16/17,22,29-219,BOS_LW,,NYR,L-OT,1,0,1,0,0,0,1,0,0,0,0,0,6,16.7,28,23:34,0,0,0,1,0
23,12/18/17,23,29-221,BOS_LW,,CBJ,W,1,1,2,2,0,1,0,0,0,1,0,0,2,50,21,17:57,0,1,0,0,
24,12/19/17,24,29-222,BOS_LW,@,BUF,W,0,0,0,0,0,0,0,0,0,0,0,0,2,0,22,18:14,0,0,0,1,0
25,12/21/17,25,29-224,BOS_LW,,WPG,W,0,0,0,0,0,0,0,0,0,0,0,0,3,0,27,20:01,1,0,1,1,50
26,12/23/17,26,29-226,BOS_LW,,DET,W,1,2,3,2,0,0,1,0,0,2,0,0,2,50,23,17:06,0,0,1,3,25
27,12/27/17,27,29-230,BOS_LW,,OTT,W,0,0,0,0,0,0,0,0,0,0,0,0,2,0,23,18:41,1,2,1,1,50
28,12/28/17,28,29-231,BOS_LW,@,WSH,L-SO,0,0,0,-1,0,0,0,0,0,0,0,0,5,0,28,24:35:00,0,0,0,1,0
29,12/30/17,29,29-233,BOS_LW,@,OTT,W,0,0,0,0,0,0,0,0,0,0,0,0,0,,19,15:09,3,0,0,0,
30,1/2/18,30,29-236,BOS_LW,@,NYI,W,1,1,2,1,2,1,0,0,0,1,0,0,5,20,20,15:24,0,0,0,0,
31,1/6/18,31,29-240,BOS_LW,,CAR,W,0,4,4,4,0,0,0,0,0,3,0,1,2,0,19,13:48,0,0,0,1,0
32,1/7/18,32,29-241,BOS_LW,@,PIT,L-OT,1,1,2,1,0,1,0,0,0,1,0,0,4,25,25,19:11,0,0,0,5,0
33,1/13/18,33,29-247,BOS_LW,@,MTL,W,1,0,1,0,0,0,1,0,0,0,0,0,3,33.3,28,19:52,0,0,0,3,0
34,1/15/18,34,29-249,BOS_LW,,DAL,L-OT,0,0,0,-1,2,0,0,0,0,0,0,0,4,0,29,21:49,1,1,3,0,100
35,1/17/18,35,29-251,BOS_LW,,MTL,W,1,1,2,0,0,0,1,0,0,1,0,0,3,33.3,22,15:54,2,1,2,0,100
36,1/18/18,36,29-252,BOS_LW,@,NYI,W,1,2,3,2,0,1,0,0,0,2,0,0,3,33.3,21,16:23,2,0,0,0,
37,1/20/18,37,29-254,BOS_LW,@,MTL,W,0,2,2,4,0,0,0,0,0,2,0,0,3,0,24,17:42,1,0,0,1,0
38,1/23/18,38,29-257,BOS_LW,,NJD,W,1,1,2,0,0,1,0,0,1,0,1,0,4,25,24,20:06,2,0,2,0,100
39,2/7/18,39,29-272,BOS_LW,@,NYR,W,0,1,1,2,0,0,0,0,0,0,0,1,2,0,20,17:05,0,1,0,0,
40,2/10/18,40,29-275,BOS_LW,,BUF,L,0,1,1,-2,0,0,0,0,0,1,0,0,0,,20,17:36,0,0,0,0,
41,2/11/18,41,29-276,BOS_LW,@,NJD,W,0,1,1,1,0,0,0,0,0,1,0,0,1,0,28,19:55,0,0,0,0,
42,2/13/18,42,29-278,BOS_LW,,CGY,W,0,1,1,0,2,0,0,0,0,1,0,0,3,0,23,19:15,0,0,0,1,0
43,2/17/18,43,29-282,BOS_LW,@,VAN,L,0,0,0,-1,0,0,0,0,0,0,0,0,1,0,19,20:03,1,0,1,1,50
44,2/19/18,44,29-284,BOS_LW,@,CGY,W,1,0,1,2,0,1,0,0,1,0,0,0,3,33.3,27,21:38,0,0,0,3,0
45,2/20/18,45,29-285,BOS_LW,@,EDM,W,0,0,0,0,0,0,0,0,0,0,0,0,5,0,23,19:43,2,0,1,0,100
46,2/24/18,46,29-289,BOS_LW,@,TOR,L,2,0,2,2,0,2,0,0,0,0,0,0,5,40,22,18:36,1,0,1,0,100
47,2/25/18,47,29-290,BOS_LW,@,BUF,L,0,1,1,0,2,0,0,0,0,1,0,0,2,0,24,18:43,0,1,0,0,
48,2/27/18,48,29-292,BOS_LW,,CAR,W,0,0,0,1,2,0,0,0,0,0,0,0,2,0,23,17:50,2,0,2,0,100
49,3/1/18,49,29-294,BOS_LW,,PIT,W,0,2,2,0,2,0,0,0,0,1,1,0,1,0,22,17:02,1,0,0,1,0
50,3/3/18,50,29-296,BOS_LW,,MTL,W,1,0,1,0,0,1,0,0,1,0,0,0,2,50,25,21:04,1,0,3,1,75
51,3/6/18,51,29-299,BOS_LW,,DET,W,3,2,5,2,2,2,1,0,1,1,1,0,6,50,26,19:38,0,1,0,1,0
52,3/8/18,52,29-301,BOS_LW,,PHI,W,1,0,1,1,4,1,0,0,1,0,0,0,4,25,24,19:25,0,0,2,4,33.3
53,3/10/18,53,29-303,BOS_LW,,CHI,W,0,2,2,0,2,0,0,0,0,1,1,0,4,0,22,20:17,0,0,2,4,33.3
54,3/13/18,54,29-306,BOS_LW,@,CAR,W,1,2,3,1,2,1,0,0,0,1,1,0,2,50,25,20:45,2,0,2,0,100
55,3/15/18,55,29-308,BOS_LW,@,FLA,L,0,0,0,-2,0,0,0,0,0,0,0,0,1,0,25,23:56,1,0,1,2,33.3
56,3/17/18,56,29-310,BOS_LW,@,TBL,W,0,1,1,0,0,0,0,0,0,0,1,0,1,0,26,17:30,0,2,2,0,100
57,3/19/18,57,29-312,BOS_LW,,CBJ,L-OT,1,1,2,0,0,1,0,0,0,0,1,0,8,12.5,23,21:16,0,0,1,0,100
58,3/21/18,58,29-314,BOS_LW,@,STL,L-OT,0,0,0,-1,0,0,0,0,0,0,0,0,2,0,21,19:41,0,1,0,1,0
59,3/23/18,59,29-316,BOS_LW,@,DAL,W,1,2,3,2,0,1,0,0,0,1,0,1,2,50,24,19:57,1,1,0,1,0
60,3/25/18,60,29-318,BOS_LW,@,MIN,W,1,1,2,2,0,1,0,0,1,1,0,0,2,50,25,19:18,0,0,1,0,100
61,3/27/18,61,29-320,BOS_LW,@,WPG,L-SO,0,2,2,-3,0,0,0,0,0,0,2,0,2,0,26,23:53,1,0,0,0,
62,3/29/18,62,29-322,BOS_LW,,TBL,W,1,1,2,2,0,1,0,0,0,1,0,0,3,33.3,26,20:30,0,0,1,1,50
63,3/31/18,63,29-324,BOS_LW,,FLA,W,0,0,0,0,4,0,0,0,0,0,0,0,1,0,21,15:26,1,0,1,0,100
64,4/1/18,64,29-325,BOS_LW,@,PHI,L-OT,0,0,0,-2,2,0,0,0,0,0,0,0,1,0,26,21:00,0,0,0,2,0
65,4/3/18,65,29-327,BOS_LW,@,TBL,L,0,0,0,-2,2,0,0,0,0,0,0,0,3,0,23,17:47,0,0,0,1,0
66,4/5/18,66,29-329,BOS_LW,@,FLA,L,0,1,1,-2,0,0,0,0,0,0,1,0,4,0,25,20:17,0,0,0,1,0
67,4/7/18,67,29-331,BOS_LW,,OTT,W,0,0,0,-1,0,0,0,0,0,0,0,0,1,0,22,17:26,0,0,1,0,100
68,4/8/18,68,29-332,BOS_LW,,FLA,L,0,0,0,-1,0,0,0,0,0,0,0,0,4,0,24,21:52,1,1,0,0,
1,10/13/16,1,28-155,BOS_LW,@,CBJ,W,2,3,5,5,0,2,0,0,1,3,0,0,7,28.6,22,17:12,1,1,0,0,
2,10/15/16,2,28-157,BOS_LW,@,TOR,L,0,1,1,-1,4,0,0,0,0,0,1,0,0,,21,16:38,0,0,0,0,
3,10/17/16,3,28-159,BOS_LW,@,WPG,W,0,1,1,3,0,0,0,0,0,1,0,0,2,0,28,21:21,0,0,3,0,100
4,10/20/16,4,28-162,BOS_LW,,NJD,W,1,1,2,2,2,1,0,0,0,1,0,0,2,50,21,17:57,1,1,0,1,0
5,10/22/16,5,28-164,BOS_LW,,MTL,L,0,0,0,0,0,0,0,0,0,0,0,0,2,0,25,21:10,1,0,0,0,
6,10/25/16,6,28-167,BOS_LW,,MIN,L,0,0,0,-1,0,0,0,0,0,0,0,0,0,,24,17:53,2,0,0,0,
7,10/26/16,7,28-168,BOS_LW,@,NYR,L,0,1,1,-1,2,0,0,0,0,1,0,0,2,0,23,16:46,0,1,0,0,
8,10/29/16,8,28-171,BOS_LW,@,DET,W,0,0,0,0,2,0,0,0,0,0,0,0,2,0,25,17:32,2,0,2,0,100
9,11/1/16,9,28-174,BOS_LW,@,FLA,W,1,0,1,0,2,1,0,0,0,0,0,0,1,100,24,19:29,1,0,1,1,50
10,11/3/16,10,28-176,BOS_LW,@,TBL,W,0,1,1,2,0,0,0,0,0,1,0,0,5,0,29,23:38,1,2,0,1,0
11,11/5/16,11,28-178,BOS_LW,,NYR,L,0,1,1,-1,4,0,0,0,0,1,0,0,0,,20,16:50,1,0,0,1,0
12,11/7/16,12,28-180,BOS_LW,,BUF,W,1,0,1,0,0,0,1,0,1,0,0,0,3,33.3,20,17:51,0,0,1,1,50
13,11/8/16,13,28-181,BOS_LW,@,MTL,L,0,1,1,0,0,0,0,0,0,0,1,0,2,0,24,19:44,0,2,2,1,66.7
14,11/10/16,14,28-183,BOS_LW,,CBJ,W,0,0,0,-1,0,0,0,0,0,0,0,0,2,0,20,14:11,0,0,0,0,
15,11/12/16,15,28-185,BOS_LW,@,ARI,W,0,1,1,1,0,0,0,0,0,1,0,0,4,0,22,16:33,0,0,0,0,
16,11/13/16,16,28-186,BOS_LW,@,COL,W,0,0,0,0,0,0,0,0,0,0,0,0,5,0,25,19:17,0,0,0,0,
17,11/17/16,17,28-190,BOS_LW,@,MIN,L,0,0,0,-1,0,0,0,0,0,0,0,0,1,0,27,20:07,0,0,0,0,
18,11/19/16,18,28-192,BOS_LW,,WPG,W,1,0,1,1,0,1,0,0,1,0,0,0,5,20,23,17:24,0,0,0,0,
19,11/22/16,19,28-195,BOS_LW,,STL,L,0,0,0,-1,0,0,0,0,0,0,0,0,2,0,24,19:00,1,0,0,0,
20,11/24/16,20,28-197,BOS_LW,@,OTT,L,0,1,1,0,4,0,0,0,0,0,1,0,1,0,23,17:36,1,0,0,0,
21,11/25/16,21,28-198,BOS_LW,,CGY,L,0,0,0,0,2,0,0,0,0,0,0,0,4,0,24,20:51,2,0,0,1,0
22,11/27/16,22,28-200,BOS_LW,,TBL,W,0,1,1,1,0,0,0,0,0,1,0,0,2,0,21,14:29,1,0,0,0,
23,11/29/16,23,28-202,BOS_LW,@,PHI,L-SO,1,0,1,0,4,1,0,0,0,0,0,0,4,25,29,20:11,2,0,0,0,
24,12/1/16,24,28-204,BOS_LW,,CAR,W,0,0,0,1,0,0,0,0,0,0,0,0,2,0,26,19:48,0,0,0,2,0
25,12/3/16,25,28-206,BOS_LW,@,BUF,W,0,1,1,1,0,0,0,0,0,1,0,0,4,0,27,20:36,1,2,1,2,33.3
26,12/5/16,26,28-208,BOS_LW,,FLA,W,0,1,1,0,0,0,0,0,0,1,0,0,2,0,24,19:40,0,0,0,0,
27,12/7/16,27,28-210,BOS_LW,@,WSH,L-OT,0,1,1,0,0,0,0,0,0,0,1,0,2,0,24,17:19,0,0,0,0,
28,12/8/16,28,28-211,BOS_LW,,COL,L,0,1,1,1,0,0,0,0,0,1,0,0,3,0,22,17:51,1,1,0,0,
29,12/10/16,29,28-213,BOS_LW,,TOR,L,1,0,1,-2,2,1,0,0,0,0,0,0,5,20,23,17:39,2,0,0,0,
30,12/12/16,30,28-215,BOS_LW,@,MTL,W,0,0,0,-1,2,0,0,0,0,0,0,0,2,0,27,19:06,1,0,0,0,
31,12/14/16,31,28-217,BOS_LW,@,PIT,L-OT,1,0,1,0,4,1,0,0,0,0,0,0,10,10,26,19:58,0,0,0,0,
32,12/15/16,32,28-218,BOS_LW,,ANA,L,0,1,1,0,0,0,0,0,0,1,0,0,5,0,26,22:59,2,0,0,0,
33,12/18/16,33,28-221,BOS_LW,,LAK,W,0,0,0,0,2,0,0,0,0,0,0,0,3,0,23,20:11,1,2,0,0,
34,12/20/16,34,28-223,BOS_LW,,NYI,L,0,0,0,-2,0,0,0,0,0,0,0,0,6,0,22,19:39,1,0,0,0,
35,12/22/16,35,28-225,BOS_LW,@,FLA,W,0,1,1,0,0,0,0,0,0,1,0,0,0,,27,20:59,2,0,0,0,
36,12/23/16,36,28-226,BOS_LW,@,CAR,L-OT,1,0,1,0,0,0,1,0,0,0,0,0,1,100,25,20:21,0,0,0,0,
37,12/27/16,37,28-230,BOS_LW,@,CBJ,L,0,0,0,0,0,0,0,0,0,0,0,0,2,0,23,20:41,0,0,0,0,
38,12/29/16,38,28-232,BOS_LW,@,BUF,W,0,1,1,0,0,0,0,0,0,1,0,0,4,0,29,21:10,1,2,0,1,0
39,12/31/16,39,28-234,BOS_LW,,BUF,W,0,1,1,0,2,0,0,0,0,0,1,0,2,0,23,19:19,0,1,0,1,0
40,1/2/17,40,28-236,BOS_LW,@,NJD,L,0,0,0,-2,4,0,0,0,0,0,0,0,1,0,20,17:09,0,1,0,0,
41,1/5/17,41,28-239,BOS_LW,,EDM,L,0,1,1,-2,0,0,0,0,0,0,1,0,4,0,27,22:56,0,0,1,0,100
42,1/7/17,42,28-241,BOS_LW,@,FLA,W,2,0,2,1,0,0,1,1,1,0,0,0,3,66.7,24,18:55,0,2,0,0,
43,1/8/17,43,28-242,BOS_LW,@,CAR,L-OT,1,0,1,1,0,1,0,0,0,0,0,0,3,33.3,22,19:46,1,0,0,1,0
44,1/10/17,44,28-244,BOS_LW,@,STL,W,2,1,3,2,0,2,0,0,0,0,1,0,5,40,29,22:08,0,1,0,2,0
45,1/12/17,45,28-246,BOS_LW,@,NSH,L,0,0,0,-1,0,0,0,0,0,0,0,0,4,0,23,19:18,0,0,0,0,
46,1/14/17,46,28-248,BOS_LW,,PHI,W,2,3,5,4,0,1,0,1,0,2,1,0,3,66.7,24,21:06,0,1,0,0,
47,1/16/17,47,28-250,BOS_LW,,NYI,L,0,0,0,-3,2,0,0,0,0,0,0,0,4,0,22,17:57,0,0,0,0,
48,1/18/17,48,28-252,BOS_LW,@,DET,L-SO,0,2,2,0,0,0,0,0,0,0,1,1,0,,28,20:44,0,0,0,0,
49,1/20/17,49,28-254,BOS_LW,,CHI,L,0,0,0,0,0,0,0,0,0,0,0,0,2,0,25,20:24,1,0,0,0,
50,1/22/17,50,28-256,BOS_LW,@,PIT,L,0,0,0,-1,0,0,0,0,0,0,0,0,7,0,24,19:09,0,0,0,0,
51,1/24/17,51,28-258,BOS_LW,,DET,W,2,0,2,1,0,1,1,0,0,0,0,0,5,40,26,19:49,1,1,0,0,
52,1/26/17,52,28-260,BOS_LW,,PIT,W,2,0,2,1,0,1,0,1,0,0,0,0,4,50,30,23:25,0,1,0,2,0
53,1/31/17,53,28-265,BOS_LW,@,TBL,W,0,2,2,1,0,0,0,0,0,2,0,0,2,0,29,19:39,0,1,0,0,
54,2/1/17,54,28-266,BOS_LW,@,WSH,L,2,1,3,-2,2,0,2,0,0,1,0,0,3,66.7,23,21:00,1,1,0,1,0
55,2/4/17,55,28-269,BOS_LW,,TOR,L,0,1,1,1,0,0,0,0,0,0,1,0,4,0,27,22:19,1,0,0,0,
56,2/9/17,56,28-274,BOS_LW,,SJS,W,1,1,2,2,0,1,0,0,0,0,1,0,2,50,24,21:31,0,0,0,1,0
57,2/11/17,57,28-276,BOS_LW,,VAN,W,0,0,0,-1,0,0,0,0,0,0,0,0,2,0,25,20:51,1,0,0,0,
58,2/12/17,58,28-277,BOS_LW,,MTL,W,0,1,1,1,4,0,0,0,0,0,0,1,6,0,27,19:27,0,1,0,0,
59,2/19/17,59,28-284,BOS_LW,@,SJS,W,1,0,1,1,0,1,0,0,1,0,0,0,4,25,26,21:01,0,2,0,0,
60,2/22/17,60,28-287,BOS_LW,@,ANA,L,0,0,0,0,0,0,0,0,0,0,0,0,3,0,24,19:07,1,0,0,0,
61,2/23/17,61,28-288,BOS_LW,@,LAK,W,1,1,2,3,2,1,0,0,0,1,0,0,2,50,23,18:09,0,1,0,0,
62,2/26/17,62,28-291,BOS_LW,@,DAL,W,1,2,3,3,0,1,0,0,0,2,0,0,1,100,27,19:09,0,1,0,0,
63,2/28/17,63,28-293,BOS_LW,,ARI,W,1,1,2,2,4,1,0,0,0,1,0,0,1,100,21,16:24,0,0,0,0,
64,3/2/17,64,28-295,BOS_LW,,NYR,L,1,0,1,1,0,1,0,0,0,0,0,0,2,50,24,21:02,0,1,0,1,0
65,3/4/17,65,28-297,BOS_LW,,NJD,W,0,0,0,-2,0,0,0,0,0,0,0,0,2,0,23,18:47,2,0,0,0,
66,3/6/17,66,28-299,BOS_LW,@,OTT,L,1,0,1,-1,2,0,1,0,0,0,0,0,2,50,22,17:54,2,0,0,0,
67,3/8/17,67,28-301,BOS_LW,,DET,W,2,0,2,2,0,2,0,0,1,0,0,0,3,66.7,21,18:26,2,0,0,0,
68,3/11/17,68,28-304,BOS_LW,,PHI,W,0,0,0,-1,2,0,0,0,0,0,0,0,1,0,24,22:19,2,0,0,0,
69,3/13/17,69,28-306,BOS_LW,@,VAN,W,3,1,4,2,0,2,1,0,1,1,0,0,4,75,26,19:30,1,0,1,0,100
70,3/15/17,70,28-308,BOS_LW,@,CGY,W,1,1,2,0,0,1,0,0,0,1,0,0,5,20,26,21:09,0,1,0,0,
71,3/16/17,71,28-309,BOS_LW,@,EDM,L,1,2,3,1,2,1,0,0,0,0,2,0,3,33.3,26,22:25,1,0,1,1,50
72,3/20/17,72,28-313,BOS_LW,@,TOR,L,0,1,1,-2,0,0,0,0,0,1,0,0,0,,23,21:34,0,0,0,0,
73,3/21/17,73,28-314,BOS_LW,,OTT,L,0,0,0,-2,0,0,0,0,0,0,0,0,2,0,26,22:53,0,1,0,1,0
74,3/23/17,74,28-316,BOS_LW,,TBL,L,0,0,0,-2,2,0,0,0,0,0,0,0,5,0,28,22:31,2,1,0,0,
75,3/25/17,75,28-318,BOS_LW,@,NYI,W,0,0,0,0,0,0,0,0,0,0,0,0,2,0,25,20:06,0,0,0,0,
76,3/28/17,76,28-321,BOS_LW,,NSH,W,0,1,1,1,0,0,0,0,0,1,0,0,0,,22,18:48,0,1,0,0,
77,3/30/17,77,28-323,BOS_LW,,DAL,W,1,1,2,1,0,1,0,0,1,0,1,0,1,100,23,19:15,0,1,0,0,
78,4/1/17,78,28-325,BOS_LW,,FLA,W,1,0,1,2,2,0,1,0,0,0,0,0,6,16.7,28,19:22,0,0,0,0,
79,4/2/17,79,28-326,BOS_LW,@,CHI,W,0,1,1,0,0,0,0,0,0,0,1,0,2,0,27,21:18,3,0,0,0,
80,4/4/17,80,28-328,BOS_LW,,TBL,W,0,0,0,0,15,0,0,0,0,0,0,0,0,,7,5:17,0,0,0,0,
1,10/8/15,1,27-150,BOS_LW,,WPG,L,0,0,0,0,0,0,0,0,0,0,0,0,4,0,23,16:31,1,0,0,0,
2,10/10/15,2,27-152,BOS_LW,,MTL,L,0,0,0,0,2,0,0,0,0,0,0,0,3,0,23,18:13,3,0,0,0,
3,10/17/15,3,27-159,BOS_LW,@,ARI,W,1,0,1,1,0,0,0,1,0,0,0,0,5,20,25,18:57,1,0,0,2,0
4,10/21/15,4,27-163,BOS_LW,,PHI,L-OT,0,1,1,0,0,0,0,0,0,1,0,0,3,0,29,20:32,1,0,1,0,100
5,10/23/15,5,27-165,BOS_LW,@,NYI,W,0,1,1,1,2,0,0,0,0,1,0,0,3,0,25,19:33,1,1,0,0,
6,10/27/15,6,27-169,BOS_LW,,ARI,W,1,1,2,1,0,0,1,0,0,1,0,0,5,20,24,18:39,0,0,0,2,0
7,10/30/15,7,27-172,BOS_LW,@,FLA,W,2,0,2,1,15,1,1,0,1,0,0,0,3,66.7,25,17:53,2,0,1,0,100
8,10/31/15,8,27-173,BOS_LW,@,TBL,W,1,1,2,1,2,1,0,0,0,0,1,0,5,20,25,18:00,0,0,1,1,50
9,11/3/15,9,27-176,BOS_LW,,DAL,L,0,0,0,-1,2,0,0,0,0,0,0,0,2,0,24,20:15,0,0,1,1,50
10,11/5/15,10,27-178,BOS_LW,@,WSH,L,0,0,0,-1,2,0,0,0,0,0,0,0,3,0,22,17:19,1,1,0,0,
11,11/7/15,11,27-180,BOS_LW,@,MTL,L,0,0,0,-1,0,0,0,0,0,0,0,0,1,0,24,16:03,1,1,0,0,
12,11/8/15,12,27-181,BOS_LW,@,NYI,W,0,1,1,1,0,0,0,0,0,1,0,0,4,0,19,16:25,0,0,0,0,
13,11/12/15,13,27-185,BOS_LW,,COL,L,0,0,0,0,2,0,0,0,0,0,0,0,2,0,25,19:51,0,1,0,0,
14,11/14/15,14,27-187,BOS_LW,,DET,W,0,1,1,1,0,0,0,0,0,1,0,0,4,0,23,19:46,1,1,0,0,
15,11/17/15,15,27-190,BOS_LW,,SJS,L,1,0,1,1,2,0,1,0,0,0,0,0,2,50,24,17:43,0,1,0,0,
16,11/19/15,16,27-192,BOS_LW,,MIN,W,1,0,1,1,4,1,0,0,0,0,0,0,2,50,25,19:06,2,1,0,1,0
17,11/21/15,17,27-194,BOS_LW,,TOR,W,1,0,1,1,2,1,0,0,0,0,0,0,4,25,25,18:10,1,0,0,0,
18,11/23/15,18,27-196,BOS_LW,@,TOR,W,2,0,2,2,2,1,0,1,0,0,0,0,5,40,31,19:23,0,1,1,0,100
19,11/25/15,19,27-198,BOS_LW,@,DET,W,0,0,0,-2,0,0,0,0,0,0,0,0,1,0,24,16:37,1,0,0,0,
20,11/27/15,20,27-200,BOS_LW,,NYR,W,0,0,0,1,2,0,0,0,0,0,0,0,2,0,27,17:39,0,0,0,1,0
21,12/2/15,21,27-205,BOS_LW,@,EDM,L-SO,0,0,0,0,0,0,0,0,0,0,0,0,1,0,28,20:02,0,0,0,0,
22,12/4/15,22,27-207,BOS_LW,@,CGY,L-OT,2,0,2,1,2,1,0,1,0,0,0,0,4,50,28,18:37,1,1,0,0,
23,12/5/15,23,27-208,BOS_LW,@,VAN,W,1,0,1,3,0,1,0,0,1,0,0,0,5,20,28,19:20,0,2,2,2,50
24,12/7/15,24,27-210,BOS_LW,,NSH,L,0,0,0,0,9,0,0,0,0,0,0,0,0,,23,15:36,0,1,0,0,
25,12/9/15,25,27-212,BOS_LW,@,MTL,W,0,1,1,0,2,0,0,0,0,1,0,0,3,0,27,19:29,1,1,0,2,0
26,12/12/15,26,27-215,BOS_LW,,FLA,W,1,0,1,1,0,1,0,0,0,0,0,0,2,50,24,19:12,0,0,0,1,0
27,12/14/15,27,27-217,BOS_LW,,EDM,L-OT,1,0,1,1,2,1,0,0,0,0,0,0,9,11.1,21,17:44,2,1,1,0,100
28,12/16/15,28,27-219,BOS_LW,,PIT,W,0,0,0,0,0,0,0,0,0,0,0,0,5,0,25,16:08,0,0,0,1,0
29,12/18/15,29,27-221,BOS_LW,@,PIT,W,0,2,2,0,0,0,0,0,0,1,0,1,3,0,26,18:20,1,1,1,1,50
30,12/20/15,30,27-223,BOS_LW,,NJD,W,0,0,0,0,0,0,0,0,0,0,0,0,3,0,25,19:39,3,1,1,0,100
31,12/22/15,31,27-225,BOS_LW,,STL,L,0,0,0,-1,0,0,0,0,0,0,0,0,3,0,26,20:47,0,1,0,0,
32,12/26/15,32,27-229,BOS_LW,,BUF,L,0,1,1,-2,0,0,0,0,0,1,0,0,2,0,25,22:19,1,2,0,1,0
33,12/27/15,33,27-230,BOS_LW,@,OTT,L,0,0,0,-2,0,0,0,0,0,0,0,0,4,0,22,18:52,2,1,0,0,
34,12/29/15,34,27-232,BOS_LW,,OTT,W,0,1,1,-1,2,0,0,0,0,0,1,0,3,0,24,17:22,2,1,0,1,0
35,1/9/16,35,27-243,BOS_LW,@,OTT,L-OT,0,0,0,1,0,0,0,0,0,0,0,0,0,,29,20:24,1,1,0,0,
36,1/11/16,36,27-245,BOS_LW,@,NYR,L,0,0,0,-1,0,0,0,0,0,0,0,0,4,0,24,19:16,2,0,0,0,
37,1/13/16,37,27-247,BOS_LW,@,PHI,L,0,0,0,0,0,0,0,0,0,0,0,0,1,0,22,19:50,1,1,0,0,
38,1/15/16,38,27-249,BOS_LW,@,BUF,W,0,1,1,1,0,0,0,0,0,1,0,0,5,0,26,17:45,0,0,1,0,100
39,1/16/16,39,27-250,BOS_LW,,TOR,W,1,0,1,2,4,1,0,0,1,0,0,0,6,16.7,24,18:55,2,0,0,0,
40,1/19/16,40,27-253,BOS_LW,@,MTL,W,1,0,1,2,2,1,0,0,0,0,0,0,3,33.3,28,18:27,0,0,1,0,100
41,1/21/16,41,27-255,BOS_LW,,VAN,L,1,0,1,-1,0,1,0,0,0,0,0,0,1,100,21,17:14,0,0,0,0,
42,1/23/16,42,27-257,BOS_LW,,CBJ,W,1,0,1,1,0,1,0,0,0,0,0,0,4,25,24,18:53,0,0,0,0,
43,1/25/16,43,27-259,BOS_LW,@,PHI,W,1,0,1,1,2,0,1,0,0,0,0,0,6,16.7,27,17:45,2,0,1,0,100
44,1/26/16,44,27-260,BOS_LW,,ANA,L,0,0,0,-2,0,0,0,0,0,0,0,0,2,0,27,18:53,1,0,0,0,
45,2/2/16,45,27-267,BOS_LW,,TOR,L-OT,2,0,2,0,0,2,0,0,0,0,0,0,5,40,27,18:28,0,1,0,0,
46,2/4/16,46,27-269,BOS_LW,@,BUF,W,1,0,1,0,0,1,0,0,0,0,0,0,5,20,24,21:01,1,0,1,2,33.3
47,2/6/16,47,27-271,BOS_LW,,BUF,W,1,0,1,0,2,1,0,0,1,0,0,0,5,20,25,19:33,1,0,0,0,
48,2/9/16,48,27-274,BOS_LW,,LAK,L,1,0,1,-1,2,0,1,0,0,0,0,0,4,25,22,16:22,1,1,0,2,0
49,2/11/16,49,27-276,BOS_LW,@,WPG,W,1,2,3,3,2,1,0,0,1,2,0,0,4,25,30,17:08,1,0,0,0,
50,2/13/16,50,27-278,BOS_LW,@,MIN,W,1,0,1,0,0,0,0,1,0,0,0,0,1,100,27,18:56,1,0,0,0,
51,2/14/16,51,27-279,BOS_LW,@,DET,L,1,1,2,4,2,1,0,0,0,0,0,1,2,50,24,18:01,0,0,0,1,0
52,2/16/16,52,27-281,BOS_LW,@,CBJ,W,0,0,0,1,0,0,0,0,0,0,0,0,2,0,26,17:38,0,0,0,1,0
53,2/18/16,53,27-283,BOS_LW,@,NSH,L,0,0,0,-1,0,0,0,0,0,0,0,0,1,0,22,19:11,0,0,0,1,0
54,2/20/16,54,27-285,BOS_LW,@,DAL,W,2,1,3,0,0,1,1,0,0,1,0,0,6,33.3,26,18:18,0,0,0,0,
55,2/22/16,55,27-287,BOS_LW,,CBJ,L,0,0,0,-2,10,0,0,0,0,0,0,0,4,0,26,17:56,0,0,0,1,0
56,2/24/16,56,27-289,BOS_LW,,PIT,W,1,0,1,1,0,1,0,0,0,0,0,0,2,50,23,16:48,0,0,0,1,0
57,2/26/16,57,27-291,BOS_LW,@,CAR,W,1,0,1,2,0,1,0,0,0,0,0,0,2,50,25,17:55,0,0,0,0,
58,2/28/16,58,27-293,BOS_LW,,TBL,L,0,0,0,-1,0,0,0,0,0,0,0,0,1,0,23,16:43,2,1,0,2,0
59,3/1/16,59,27-295,BOS_LW,,CGY,W,0,0,0,0,2,0,0,0,0,0,0,0,5,0,24,19:36,0,0,1,0,100
60,3/3/16,60,27-297,BOS_LW,,CHI,W,1,1,2,2,0,1,0,0,0,1,0,0,2,50,22,15:02,0,1,0,0,
61,3/5/16,61,27-299,BOS_LW,,WSH,L-OT,0,1,1,0,2,0,0,0,0,1,0,0,2,0,21,17:41,0,1,0,1,0
62,3/7/16,62,27-301,BOS_LW,@,FLA,W,0,2,2,2,0,0,0,0,0,2,0,0,2,0,29,20:55,1,1,0,0,
63,3/8/16,63,27-302,BOS_LW,@,TBL,W,1,0,1,1,0,1,0,0,1,0,0,0,6,16.7,27,19:05,1,0,0,0,
64,3/10/16,64,27-304,BOS_LW,,CAR,L-OT,0,0,0,-1,0,0,0,0,0,0,0,0,4,0,27,19:40,0,0,2,2,50
65,3/12/16,65,27-306,BOS_LW,,NYI,W,0,0,0,0,0,0,0,0,0,0,0,0,3,0,26,18:29,1,0,0,0,
66,3/15/16,66,27-309,BOS_LW,@,SJS,L,0,0,0,0,0,0,0,0,0,0,0,0,3,0,26,18:55,2,3,0,0,
67,3/18/16,67,27-312,BOS_LW,@,ANA,L,0,0,0,-1,2,0,0,0,0,0,0,0,2,0,24,15:13,1,0,0,1,0
68,3/19/16,68,27-313,BOS_LW,@,LAK,L,0,0,0,1,0,0,0,0,0,0,0,0,5,0,27,20:35,1,0,1,0,100
69,3/23/16,69,27-317,BOS_LW,@,NYR,L,0,1,1,-1,0,0,0,0,0,1,0,0,2,0,25,18:47,1,0,1,1,50
70,3/24/16,70,27-318,BOS_LW,,FLA,L,0,0,0,-3,0,0,0,0,0,0,0,0,2,0,23,20:10,0,0,0,0,
71,3/26/16,71,27-320,BOS_LW,@,TOR,W,0,0,0,0,0,0,0,0,0,0,0,0,3,0,26,19:51,0,0,1,1,50
72,3/29/16,72,27-323,BOS_LW,@,NJD,L,1,0,1,1,2,1,0,0,0,0,0,0,4,25,22,18:33,1,1,1,0,100
73,4/1/16,73,27-326,BOS_LW,@,STL,W,0,0,0,0,0,0,0,0,0,0,0,0,4,0,29,19:59,1,0,0,0,
74,4/3/16,74,27-328,BOS_LW,@,CHI,L,1,1,2,2,0,1,0,0,0,1,0,0,2,50,27,18:23,5,1,0,0,
75,4/5/16,75,27-330,BOS_LW,,CAR,L-SO,0,0,0,-1,0,0,0,0,0,0,0,0,4,0,28,23:08,2,0,0,1,0
76,4/7/16,76,27-332,BOS_LW,,DET,W,1,1,2,1,0,1,0,0,0,1,0,0,4,25,28,16:47,2,1,0,0,
77,4/9/16,77,27-334,BOS_LW,,OTT,L,0,1,1,0,0,0,0,0,0,1,0,0,5,0,27,20:02,1,0,0,0,
1,10/8/14,1,26-150,BOS_LW,,PHI,W,0,0,0,-1,2,0,0,0,0,0,0,0,1,0,23,18:16,0,1,0,0,
2,10/9/14,2,26-151,BOS_LW,@,DET,L,0,0,0,1,2,0,0,0,0,0,0,0,4,0,23,16:46,0,0,0,0,
3,10/11/14,3,26-153,BOS_LW,,WSH,L,0,0,0,-1,2,0,0,0,0,0,0,0,1,0,19,14:06,1,0,1,0,100
4,10/13/14,4,26-155,BOS_LW,,COL,L,0,0,0,-1,2,0,0,0,0,0,0,0,1,0,21,17:38,0,1,0,1,0
5,10/15/14,5,26-157,BOS_LW,@,DET,W,0,1,1,1,0,0,0,0,0,1,0,0,5,0,25,18:47,1,0,0,0,
6,10/16/14,6,26-158,BOS_LW,@,MTL,L,0,0,0,-1,4,0,0,0,0,0,0,0,2,0,21,13:00,0,0,0,0,
7,10/18/14,7,26-160,BOS_LW,@,BUF,W,0,1,1,2,2,0,0,0,0,1,0,0,3,0,22,14:27,0,0,0,0,
8,10/21/14,8,26-163,BOS_LW,,SJS,W,1,0,1,-2,2,0,1,0,0,0,0,0,2,50,23,16:50,0,0,0,2,0
9,10/23/14,9,26-165,BOS_LW,,NYI,L,0,0,0,0,0,0,0,0,0,0,0,0,0,,20,14:12,0,0,0,0,
10,10/25/14,10,26-167,BOS_LW,@,TOR,W,0,0,0,1,0,0,0,0,0,0,0,0,5,0,22,16:19,1,0,0,0,
11,10/28/14,11,26-170,BOS_LW,,MIN,L,0,0,0,0,2,0,0,0,0,0,0,0,2,0,23,17:36,0,0,0,0,
12,10/30/14,12,26-172,BOS_LW,@,BUF,W,2,1,3,3,0,2,0,0,1,1,0,0,4,50,19,15:57,0,0,0,1,0
13,11/1/14,13,26-174,BOS_LW,,OTT,W,1,0,1,2,0,1,0,0,0,0,0,0,2,50,21,15:35,3,0,0,1,0
14,11/4/14,14,26-177,BOS_LW,,FLA,W,1,1,2,2,0,1,0,0,1,1,0,0,5,20,24,19:10,0,0,0,0,
15,11/6/14,15,26-179,BOS_LW,,EDM,W,0,1,1,2,0,0,0,0,0,1,0,0,2,0,24,19:25,0,0,0,0,
16,11/10/14,16,26-183,BOS_LW,,NJD,W,0,0,0,1,2,0,0,0,0,0,0,0,1,0,21,16:51,0,1,0,1,0
17,11/12/14,17,26-185,BOS_LW,@,TOR,L,0,0,0,-2,0,0,0,0,0,0,0,0,1,0,22,16:37,1,0,0,1,0
18,11/13/14,18,26-186,BOS_LW,@,MTL,L,0,0,0,-3,2,0,0,0,0,0,0,0,0,,22,15:49,1,0,0,0,
19,11/15/14,19,26-188,BOS_LW,,CAR,W,0,1,1,1,0,0,0,0,0,1,0,0,2,0,18,12:28,2,0,0,0,
20,11/24/14,20,26-197,BOS_LW,,PIT,L-OT,0,0,0,-1,0,0,0,0,0,0,0,0,3,0,24,18:48,0,0,0,0,
21,11/28/14,21,26-201,BOS_LW,,WPG,W,0,0,0,0,6,0,0,0,0,0,0,0,4,0,21,16:21,0,1,1,2,33.3
22,12/1/14,22,26-204,BOS_LW,@,ANA,L,1,0,1,1,0,1,0,0,0,0,0,0,2,50,23,17:37,0,1,0,0,
23,12/2/14,23,26-205,BOS_LW,@,LAK,L,0,0,0,-1,0,0,0,0,0,0,0,0,1,0,22,15:37,0,0,1,0,100
24,12/4/14,24,26-207,BOS_LW,@,SJS,L,0,2,2,0,2,0,0,0,0,2,0,0,2,0,21,15:31,1,0,0,0,
25,12/6/14,25,26-209,BOS_LW,@,ARI,W,2,0,2,2,2,2,0,0,0,0,0,0,4,50,21,16:55,5,0,0,0,
26,12/11/14,26,26-214,BOS_LW,,CHI,L,0,1,1,1,0,0,0,0,0,1,0,0,3,0,27,19:10,1,0,2,1,66.7
27,12/13/14,27,26-216,BOS_LW,,OTT,L-SO,0,0,0,-1,2,0,0,0,0,0,0,0,3,0,26,20:02,1,0,0,0,
28,12/16/14,28,26-219,BOS_LW,@,NSH,L-SO,0,1,1,1,2,0,0,0,0,1,0,0,2,0,31,18:55,1,0,2,1,66.7
29,12/17/14,29,26-220,BOS_LW,@,MIN,W,0,1,1,1,0,0,0,0,0,1,0,0,0,,25,17:46,0,1,0,1,0
30,12/19/14,30,26-222,BOS_LW,@,WPG,L,0,0,0,0,0,0,0,0,0,0,0,0,1,0,24,17:43,1,0,0,0,
31,12/21/14,31,26-224,BOS_LW,,BUF,W,0,0,0,0,0,0,0,0,0,0,0,0,2,0,19,17:24,1,0,0,2,0
32,12/23/14,32,26-226,BOS_LW,,NSH,W,2,0,2,1,2,2,0,0,1,0,0,0,5,40,24,18:42,0,1,0,0,
33,12/27/14,33,26-230,BOS_LW,@,CBJ,L,0,0,0,1,2,0,0,0,0,0,0,0,1,0,22,17:02,0,1,0,0,
34,12/29/14,34,26-232,BOS_LW,,DET,W,0,0,0,0,2,0,0,0,0,0,0,0,4,0,25,17:50,3,0,0,0,
35,12/31/14,35,26-234,BOS_LW,,TOR,L-SO,0,0,0,-2,0,0,0,0,0,0,0,0,2,0,27,18:44,0,0,0,0,
36,1/3/15,36,26-237,BOS_LW,,OTT,L-OT,1,0,1,1,2,1,0,0,0,0,0,0,2,50,19,12:03,0,1,1,0,100
37,1/4/15,37,26-238,BOS_LW,@,CAR,L-SO,0,1,1,1,0,0,0,0,0,1,0,0,0,,26,18:46,0,0,0,0,
38,1/7/15,38,26-241,BOS_LW,@,PIT,W,0,0,0,-1,2,0,0,0,0,0,0,0,3,0,26,19:07,2,0,1,0,100
39,1/8/15,39,26-242,BOS_LW,,NJD,W,0,0,0,0,0,0,0,0,0,0,0,0,3,0,20,18:35,1,0,0,0,
40,1/10/15,40,26-244,BOS_LW,@,PHI,W,0,0,0,1,0,0,0,0,0,0,0,0,1,0,22,13:49,2,0,1,0,100
41,1/13/15,41,26-247,BOS_LW,,TBL,W,1,0,1,0,14,1,0,0,0,0,0,0,1,100,21,15:45,2,2,0,0,
42,1/15/15,42,26-249,BOS_LW,,NYR,W,0,0,0,1,2,0,0,0,0,0,0,0,0,,25,13:35,4,0,0,0,
43,1/21/15,43,26-255,BOS_LW,@,COL,L-SO,1,0,1,1,2,1,0,0,0,0,0,0,1,100,24,17:49,5,0,0,1,0
44,1/29/15,44,26-263,BOS_LW,@,NYI,W,0,0,0,-1,0,0,0,0,0,0,0,0,4,0,22,18:07,0,0,0,0,
45,1/31/15,45,26-265,BOS_LW,,LAK,W,2,0,2,2,0,2,0,0,0,0,0,0,7,28.6,20,15:42,0,1,0,0,
46,2/4/15,46,26-269,BOS_LW,@,NYR,L,0,0,0,-1,0,0,0,0,0,0,0,0,2,0,24,16:39,0,0,0,0,
47,2/7/15,47,26-272,BOS_LW,,NYI,W,0,0,0,0,4,0,0,0,0,0,0,0,4,0,24,15:58,3,2,0,0,
48,2/8/15,48,26-273,BOS_LW,,MTL,L,0,0,0,-3,2,0,0,0,0,0,0,0,5,0,27,18:20,2,0,0,1,0
49,2/10/15,49,26-275,BOS_LW,,DAL,L,0,1,1,-2,0,0,0,0,0,0,0,1,6,0,24,16:24,0,1,0,0,
50,2/13/15,50,26-278,BOS_LW,@,VAN,L,0,0,0,-1,0,0,0,0,0,0,0,0,0,,22,18:32,1,0,1,0,100
51,2/16/15,51,26-281,BOS_LW,@,CGY,L-OT,1,0,1,-2,0,0,0,1,0,0,0,0,3,33.3,29,19:56,0,1,0,0,
52,2/18/15,52,26-283,BOS_LW,@,EDM,L-SO,0,1,1,1,2,0,0,0,0,1,0,0,6,0,33,19:51,2,1,0,0,
53,2/20/15,53,26-285,BOS_LW,@,STL,L,1,0,1,0,2,1,0,0,0,0,0,0,3,33.3,23,15:03,2,0,0,0,
54,2/22/15,54,26-287,BOS_LW,@,CHI,W,0,1,1,2,4,0,0,0,0,1,0,0,1,0,21,13:53,1,1,0,0,
55,2/24/15,55,26-289,BOS_LW,,VAN,L,0,0,0,-1,4,0,0,0,0,0,0,0,1,0,23,18:43,2,0,0,0,
56,2/27/15,56,26-292,BOS_LW,@,NJD,W,0,0,0,0,0,0,0,0,0,0,0,0,2,0,23,17:46,1,0,0,0,
57,2/28/15,57,26-293,BOS_LW,,ARI,W,1,1,2,2,0,1,0,0,1,1,0,0,3,33.3,21,13:58,0,0,0,1,0
58,3/5/15,58,26-298,BOS_LW,,CGY,L-SO,1,0,1,1,0,1,0,0,0,0,0,0,3,33.3,28,18:27,2,1,1,0,100
59,3/7/15,59,26-300,BOS_LW,,PHI,W,2,0,2,0,0,1,1,0,1,0,0,0,4,50,20,17:49,0,0,0,0,
60,3/8/15,60,26-301,BOS_LW,,DET,W,1,0,1,1,0,0,0,1,0,0,0,0,1,100,21,13:34,0,0,0,0,
61,3/10/15,61,26-303,BOS_LW,@,OTT,W,0,0,0,-1,0,0,0,0,0,0,0,0,2,0,22,18:20,0,2,0,0,
62,3/12/15,62,26-305,BOS_LW,,TBL,W,0,0,0,0,0,0,0,0,0,0,0,0,1,0,20,14:32,1,0,0,1,0
63,3/14/15,63,26-307,BOS_LW,@,PIT,W,0,0,0,0,0,0,0,0,0,0,0,0,1,0,21,15:27,2,1,1,0,100
64,3/15/15,64,26-308,BOS_LW,@,WSH,L,0,0,0,-1,2,0,0,0,0,0,0,0,2,0,20,15:25,1,1,0,0,
65,3/17/15,65,26-310,BOS_LW,,BUF,L-SO,0,0,0,0,0,0,0,0,0,0,0,0,4,0,21,17:47,0,0,0,0,
66,3/19/15,66,26-312,BOS_LW,@,OTT,L,0,0,0,-3,0,0,0,0,0,0,0,0,1,0,22,17:24,2,1,0,0,
67,3/21/15,67,26-314,BOS_LW,@,FLA,L-SO,0,0,0,0,0,0,0,0,0,0,0,0,2,0,27,20:35,3,0,0,0,
68,3/22/15,68,26-315,BOS_LW,@,TBL,L,0,1,1,1,7,0,0,0,0,1,0,0,1,0,22,14:04,2,0,0,0,
69,3/26/15,69,26-319,BOS_LW,,ANA,L-OT,0,0,0,0,0,0,0,0,0,0,0,0,2,0,20,16:53,1,0,0,0,
70,3/28/15,70,26-321,BOS_LW,,NYR,W,0,0,0,-1,0,0,0,0,0,0,0,0,3,0,22,17:10,3,2,0,0,
71,3/29/15,71,26-322,BOS_LW,@,CAR,W,0,0,0,0,0,0,0,0,0,0,0,0,1,0,28,19:20,0,0,0,0,
72,3/31/15,72,26-324,BOS_LW,,FLA,W,0,0,0,0,2,0,0,0,0,0,0,0,2,0,21,17:37,0,0,0,0,
73,4/2/15,73,26-326,BOS_LW,@,DET,W,0,0,0,0,2,0,0,0,0,0,0,0,1,0,22,15:17,0,0,0,0,
74,4/4/15,74,26-328,BOS_LW,,TOR,W,0,1,1,1,0,0,0,0,0,1,0,0,1,0,25,18:30,0,0,0,0,
75,4/8/15,75,26-332,BOS_LW,@,WSH,L,0,0,0,-1,0,0,0,0,0,0,0,0,2,0,22,15:47,0,2,0,0,
76,4/9/15,76,26-333,BOS_LW,@,FLA,L,1,0,1,-1,0,1,0,0,0,0,0,0,2,50,28,16:29,0,0,0,1,0
77,4/11/15,77,26-335,BOS_LW,@,TBL,L-SO,1,0,1,1,0,1,0,0,0,0,0,0,4,25,23,18:36,1,0,0,0,
1,10/3/13,1,25-145,BOS_LW,,TBL,W,0,0,0,0,0,0,0,0,0,,,,2,0,19,15:51,0,0,0,0,
2,10/5/13,2,25-147,BOS_LW,,DET,W,1,0,1,0,0,1,0,0,1,,,,2,50,20,13:15,0,1,0,0,
3,10/10/13,3,25-152,BOS_LW,,COL,L,0,0,0,0,0,0,0,0,0,,,,3,0,24,18:11,0,0,0,0,
4,10/12/13,4,25-154,BOS_LW,@,CBJ,W,0,0,0,0,0,0,0,0,0,,,,1,0,20,14:11,1,0,0,1,0
5,10/14/13,5,25-156,BOS_LW,,DET,L,0,0,0,-1,0,0,0,0,0,,,,4,0,18,16:32,1,0,0,0,
6,10/17/13,6,25-159,BOS_LW,@,FLA,W,0,0,0,-1,0,0,0,0,0,,,,0,,16,12:09,1,0,0,0,
7,10/19/13,7,25-161,BOS_LW,@,TBL,W,0,1,1,1,4,0,0,0,0,,,,0,,22,14:36,1,0,0,0,
8,10/23/13,8,25-165,BOS_LW,@,BUF,W,0,1,1,0,0,0,0,0,0,,,,1,0,18,14:55,0,2,0,0,
9,10/24/13,9,25-166,BOS_LW,,SJS,W,0,0,0,0,0,0,0,0,0,,,,1,0,21,15:45,2,0,0,2,0
10,10/26/13,10,25-168,BOS_LW,,NJD,L,0,0,0,0,0,0,0,0,0,,,,0,,22,14:41,0,0,0,0,
11,10/30/13,11,25-172,BOS_LW,@,PIT,L,0,1,1,1,2,0,0,0,0,,,,0,,21,15:40,0,0,0,0,
12,10/31/13,12,25-173,BOS_LW,,ANA,W,0,0,0,-1,4,0,0,0,0,,,,0,,26,17:16,1,0,0,0,
13,11/2/13,13,25-175,BOS_LW,@,NYI,L,0,0,0,-2,0,0,0,0,0,,,,1,0,22,14:51,1,0,0,1,0
14,11/5/13,14,25-178,BOS_LW,,DAL,L-SO,0,0,0,0,0,0,0,0,0,,,,3,0,22,16:07,2,0,0,0,
15,11/7/13,15,25-180,BOS_LW,,FLA,W,1,0,1,0,2,1,0,0,1,,,,2,50,20,15:05,2,1,0,1,0
16,11/9/13,16,25-182,BOS_LW,,TOR,W,0,1,1,1,0,0,0,0,0,,,,2,0,24,14:29,3,0,0,0,
17,11/11/13,17,25-184,BOS_LW,,TBL,W,0,0,0,1,0,0,0,0,0,,,,3,0,20,14:24,0,1,0,0,
18,11/14/13,18,25-187,BOS_LW,,CBJ,W,0,0,0,1,2,0,0,0,0,,,,2,0,22,17:03,1,1,0,1,0
19,11/15/13,19,25-188,BOS_LW,@,OTT,L,1,0,1,2,0,1,0,0,0,,,,3,33.3,20,14:56,0,1,0,1,0
20,11/18/13,20,25-191,BOS_LW,@,CAR,W,0,0,0,-1,0,0,0,0,0,,,,0,,19,13:39,1,0,0,0,
21,11/19/13,21,25-192,BOS_LW,@,NYR,W,0,1,1,1,2,0,0,0,0,,,,0,,22,16:15,0,0,0,0,
22,11/21/13,22,25-194,BOS_LW,,STL,L-SO,0,0,0,0,0,0,0,0,0,,,,2,0,23,16:49,2,0,0,0,
23,11/23/13,23,25-196,BOS_LW,,CAR,W,0,0,0,0,0,0,0,0,0,,,,3,0,19,15:14,2,0,0,0,
24,11/25/13,24,25-198,BOS_LW,,PIT,W,0,1,1,1,2,0,0,0,0,,,,3,0,21,15:57,2,2,0,0,
25,11/27/13,25,25-200,BOS_LW,@,DET,L,0,0,0,0,2,0,0,0,0,,,,2,0,19,16:23,0,1,0,0,
26,11/29/13,26,25-202,BOS_LW,,NYR,W,1,1,2,2,2,1,0,0,0,,,,1,100,18,14:15,1,0,0,0,
27,11/30/13,27,25-203,BOS_LW,,CBJ,W,0,1,1,1,2,0,0,0,0,,,,0,,19,13:33,2,0,0,0,
28,12/5/13,28,25-208,BOS_LW,@,MTL,L,0,0,0,0,0,0,0,0,0,,,,1,0,24,16:22,0,0,0,1,0
29,12/7/13,29,25-210,BOS_LW,,PIT,W,0,1,1,2,4,0,0,0,0,,,,1,0,24,18:42,4,1,0,1,0
30,12/8/13,30,25-211,BOS_LW,@,TOR,W,0,0,0,0,0,0,0,0,0,,,,3,0,24,17:27,1,0,0,0,
31,12/10/13,31,25-213,BOS_LW,@,CGY,W,0,0,0,-1,0,0,0,0,0,,,,0,,20,15:17,0,0,0,0,
32,12/12/13,32,25-215,BOS_LW,@,EDM,W,1,0,1,-1,2,0,0,1,1,,,,2,50,26,17:37,0,0,0,0,
33,12/14/13,33,25-217,BOS_LW,@,VAN,L,0,0,0,1,0,0,0,0,0,,,,2,0,23,16:42,0,0,0,0,
34,12/17/13,34,25-220,BOS_LW,,CGY,W,0,0,0,0,2,0,0,0,0,,,,2,0,22,15:04,0,0,0,0,
35,12/19/13,35,25-222,BOS_LW,@,BUF,L,2,0,2,2,0,1,0,1,0,,,,5,40,22,17:04,1,0,0,0,
36,12/21/13,36,25-224,BOS_LW,,BUF,W,0,0,0,0,0,0,0,0,0,,,,0,,18,14:21,1,1,1,0,100
37,12/23/13,37,25-226,BOS_LW,@,NSH,W,1,0,1,1,0,1,0,0,0,,,,2,50,21,16:57,0,1,0,0,
38,12/27/13,38,25-230,BOS_LW,,OTT,W,1,1,2,3,2,0,0,1,0,,,,2,50,21,14:44,1,1,0,0,
39,12/28/13,39,25-231,BOS_LW,@,OTT,L,0,0,0,-1,4,0,0,0,0,,,,1,0,21,16:47,1,0,0,0,
40,12/31/13,40,25-234,BOS_LW,,NYI,L,0,0,0,-1,4,0,0,0,0,,,,3,0,26,19:44,0,0,0,0,
41,1/2/14,41,25-236,BOS_LW,,NSH,W,1,0,1,0,0,1,0,0,1,,,,4,25,21,17:32,1,1,0,0,
42,1/4/14,42,25-238,BOS_LW,,WPG,W,0,1,1,1,0,0,0,0,0,,,,3,0,18,14:30,0,0,0,0,
43,1/7/14,43,25-241,BOS_LW,@,ANA,L,0,0,0,0,2,0,0,0,0,,,,1,0,26,20:10,0,0,1,1,50
44,1/9/14,44,25-243,BOS_LW,@,LAK,L,0,0,0,-1,2,0,0,0,0,,,,1,0,21,16:11,1,1,0,0,
45,1/11/14,45,25-245,BOS_LW,@,SJS,W,0,0,0,0,0,0,0,0,0,,,,2,0,21,16:37,2,0,0,0,
46,1/14/14,46,25-248,BOS_LW,,TOR,L,1,1,2,2,0,1,0,0,0,,,,4,25,22,20:01,2,0,0,0,
47,1/16/14,47,25-250,BOS_LW,@,DAL,W,1,0,1,1,0,1,0,0,0,,,,5,20,20,14:24,1,0,1,1,50
48,1/19/14,48,25-253,BOS_LW,@,CHI,L-SO,2,0,2,1,0,2,0,0,0,,,,4,50,22,17:02,1,0,0,0,
49,1/20/14,49,25-254,BOS_LW,,LAK,W,2,0,2,1,0,1,0,1,1,,,,2,100,22,16:28,1,0,0,0,
50,1/25/14,50,25-259,BOS_LW,@,PHI,W,0,1,1,2,0,0,0,0,0,,,,2,0,18,12:41,1,0,0,0,
51,1/27/14,51,25-261,BOS_LW,@,NYI,W,1,3,4,3,0,1,0,0,0,,,,1,100,20,15:03,1,1,0,1,0
52,1/28/14,52,25-262,BOS_LW,,FLA,W,0,0,0,0,0,0,0,0,0,,,,2,0,16,13:14,0,0,0,0,
53,1/30/14,53,25-264,BOS_LW,,MTL,L,0,0,0,0,6,0,0,0,0,,,,0,,20,17:01,3,0,0,0,
54,2/1/14,54,25-266,BOS_LW,,EDM,W,0,0,0,0,0,0,0,0,0,,,,3,0,21,15:25,0,0,0,0,
55,2/4/14,55,25-269,BOS_LW,,VAN,W,0,0,0,0,0,0,0,0,0,,,,1,0,21,16:48,1,0,0,0,
56,2/6/14,56,25-271,BOS_LW,@,STL,L-OT,1,0,1,0,0,1,0,0,0,,,,5,20,23,17:06,1,0,0,0,
57,2/8/14,57,25-273,BOS_LW,,OTT,W,1,2,3,2,0,1,0,0,0,,,,2,50,23,19:41,1,0,0,0,
58,2/26/14,58,25-291,BOS_LW,@,BUF,L-OT,1,0,1,1,2,1,0,0,0,,,,2,50,26,17:21,0,0,0,0,
59,3/1/14,59,25-294,BOS_LW,,WSH,L,0,0,0,-1,4,0,0,0,0,,,,1,0,23,15:16,0,0,0,0,
60,3/2/14,60,25-295,BOS_LW,@,NYR,W,0,0,0,-1,2,0,0,0,0,,,,1,0,22,15:50,3,1,0,1,0
61,3/4/14,61,25-297,BOS_LW,,FLA,W,0,0,0,0,0,0,0,0,0,,,,1,0,21,14:09,0,0,0,0,
62,3/6/14,62,25-299,BOS_LW,,WSH,W,1,0,1,1,0,1,0,0,0,,,,4,25,21,15:41,0,0,0,0,
63,3/8/14,63,25-301,BOS_LW,@,TBL,W,0,0,0,0,0,0,0,0,0,,,,2,0,24,16:16,0,0,0,0,
64,3/9/14,64,25-302,BOS_LW,@,FLA,W,0,1,1,0,2,0,0,0,0,,,,0,,25,17:45,1,0,0,0,
65,3/12/14,65,25-305,BOS_LW,@,MTL,W,0,2,2,2,0,0,0,0,0,,,,0,,21,15:27,2,1,0,0,
66,3/13/14,66,25-306,BOS_LW,,PHX,W,0,0,0,0,0,0,0,0,0,,,,1,0,22,15:54,0,0,0,0,
67,3/15/14,67,25-308,BOS_LW,,CAR,W,0,0,0,0,0,0,0,0,0,,,,1,0,21,16:03,1,0,0,1,0
68,3/17/14,68,25-310,BOS_LW,,MIN,W,0,0,0,0,0,0,0,0,0,,,,1,0,19,15:07,3,0,0,0,
69,3/18/14,69,25-311,BOS_LW,@,NJD,W,1,0,1,2,0,0,0,1,0,,,,3,33.3,20,13:07,1,0,0,0,
70,3/21/14,70,25-314,BOS_LW,@,COL,W,0,0,0,1,0,0,0,0,0,,,,2,0,21,15:17,2,1,0,0,
71,3/22/14,71,25-315,BOS_LW,@,PHX,W,0,0,0,1,0,0,0,0,0,,,,2,0,19,14:55,1,0,1,0,100
72,3/24/14,72,25-317,BOS_LW,,MTL,L-SO,0,0,0,0,2,0,0,0,0,,,,2,0,25,15:47,0,1,0,0,
73,3/27/14,73,25-320,BOS_LW,,CHI,W,0,1,1,1,0,0,0,0,0,,,,2,0,21,14:19,2,0,0,0,
74,3/29/14,74,25-322,BOS_LW,@,WSH,W,0,0,0,-1,0,0,0,0,0,,,,1,0,21,15:34,0,1,0,0,
75,3/30/14,75,25-323,BOS_LW,@,PHI,W,0,1,1,1,0,0,0,0,0,,,,2,0,24,17:16,0,0,1,0,100
76,4/2/14,76,25-326,BOS_LW,@,DET,L,0,1,1,0,0,0,0,0,0,,,,2,0,22,15:14,1,0,0,0,
77,4/3/14,77,25-327,BOS_LW,@,TOR,L-OT,1,1,2,2,0,1,0,0,0,,,,2,50,23,16:57,2,0,0,0,
78,4/5/14,78,25-329,BOS_LW,,PHI,W,0,0,0,1,0,0,0,0,0,,,,2,0,21,15:59,1,0,0,0,
79,4/8/14,79,25-332,BOS_LW,@,MIN,L-SO,0,1,1,1,0,0,0,0,0,,,,2,0,27,17:27,0,0,0,0,
80,4/10/14,80,25-334,BOS_LW,@,WPG,L-SO,1,0,1,1,0,1,0,0,0,,,,4,25,21,17:57,0,0,0,2,0
81,4/12/14,81,25-336,BOS_LW,,BUF,W,0,1,1,1,0,0,0,0,0,,,,1,0,23,16:26,1,0,1,1,50
82,4/13/14,82,25-337,BOS_LW,@,NJD,L,1,1,2,0,0,0,1,0,0,,,,1,100,24,17:56,0,1,0,0,
1,1/19/13,1,24-253,BOS_LW,,NYR,W,0,0,0,1,0,0,0,0,0,,,,1,0,22,17:42,0,1,0,0,
2,1/21/13,2,24-255,BOS_LW,,WPG,W,1,0,1,1,0,1,0,0,0,,,,1,100,25,18:25,1,1,0,0,
3,1/23/13,3,24-257,BOS_LW,@,NYR,L-OT,1,0,1,0,0,0,1,0,0,,,,1,100,20,14:47,1,0,0,0,
4,1/25/13,4,24-259,BOS_LW,,NYI,W,0,1,1,1,0,0,0,0,0,,,,0,,22,17:39,2,0,0,0,
5,1/28/13,5,24-262,BOS_LW,@,CAR,W,1,0,1,0,2,0,0,1,0,,,,2,50,24,15:52,1,1,0,0,
6,1/29/13,6,24-263,BOS_LW,,NJD,W,0,0,0,0,0,0,0,0,0,,,,1,0,25,19:29,2,2,0,0,
7,1/31/13,7,24-265,BOS_LW,,BUF,L,2,0,2,-1,0,2,0,0,0,,,,4,50,22,16:32,0,0,0,0,
8,2/2/13,8,24-267,BOS_LW,@,TOR,W,0,0,0,0,0,0,0,0,0,,,,0,,14,10:29,0,0,0,0,
9,2/10/13,9,24-275,BOS_LW,@,BUF,W,1,0,1,1,0,1,0,0,0,,,,4,25,23,15:53,0,0,0,0,
10,2/12/13,10,24-277,BOS_LW,,NYR,L-SO,1,0,1,1,2,1,0,0,0,,,,2,50,25,18:57,0,0,0,1,0
11,2/15/13,11,24-280,BOS_LW,@,BUF,L,0,0,0,0,0,0,0,0,0,,,,0,,23,17:32,0,0,0,0,
12,2/17/13,12,24-282,BOS_LW,@,WPG,W,1,0,1,1,0,0,1,0,1,,,,2,50,23,17:36,0,5,0,0,
13,2/21/13,13,24-286,BOS_LW,@,TBL,W,1,1,2,1,0,1,0,0,1,,,,2,50,21,14:59,0,0,0,0,
14,2/24/13,14,24-289,BOS_LW,@,FLA,W,0,1,1,1,0,0,0,0,0,,,,6,0,22,18:26,1,1,0,0,
15,2/26/13,15,24-291,BOS_LW,@,NYI,W,1,0,1,1,0,1,0,0,1,,,,3,33.3,21,16:45,1,1,0,0,
16,2/28/13,16,24-293,BOS_LW,,OTT,W,0,0,0,1,0,0,0,0,0,,,,4,0,22,17:47,1,0,0,0,
17,3/2/13,17,24-295,BOS_LW,,TBL,W,1,0,1,0,0,0,1,0,1,,,,1,100,21,17:57,0,0,0,0,
18,3/3/13,18,24-296,BOS_LW,,MTL,L,0,3,3,3,0,0,0,0,0,,,,3,0,24,18:36,0,1,0,0,
19,3/5/13,19,24-298,BOS_LW,@,WSH,L-OT,1,0,1,0,2,0,0,1,0,,,,2,50,24,17:23,3,0,1,0,100
20,3/7/13,20,24-300,BOS_LW,,TOR,W,0,2,2,3,2,0,0,0,0,,,,1,0,24,16:12,3,0,0,0,
21,3/9/13,21,24-302,BOS_LW,,PHI,W,0,0,0,0,0,0,0,0,0,,,,1,0,21,15:29,1,0,0,0,
22,3/11/13,22,24-304,BOS_LW,@,OTT,W,0,0,0,0,0,0,0,0,0,,,,2,0,26,20:04,1,0,0,0,
23,3/12/13,23,24-305,BOS_LW,@,PIT,L,0,1,1,1,2,0,0,0,0,,,,1,0,24,19:06,1,0,0,1,0
24,3/14/13,24,24-307,BOS_LW,,FLA,W,0,2,2,2,0,0,0,0,0,,,,1,0,18,20:35,0,2,0,0,
25,3/16/13,25,24-309,BOS_LW,,WSH,W,0,0,0,0,5,0,0,0,0,,,,1,0,20,14:15,0,2,0,0,
26,3/17/13,26,24-310,BOS_LW,@,PIT,L,0,0,0,1,0,0,0,0,0,,,,1,0,22,19:09,0,0,0,0,
27,3/19/13,27,24-312,BOS_LW,@,WPG,L,1,0,1,-1,0,1,0,0,0,,,,3,33.3,22,19:08,0,0,0,0,
28,3/21/13,28,24-314,BOS_LW,@,OTT,W,0,0,0,1,0,0,0,0,0,,,,2,0,22,20:13,2,0,0,0,
29,3/23/13,29,24-316,BOS_LW,@,TOR,L,0,1,1,0,0,0,0,0,0,,,,3,0,21,19:49,2,1,1,0,100
30,3/25/13,30,24-318,BOS_LW,,TOR,W,0,1,1,0,0,0,0,0,0,,,,1,0,23,18:51,0,0,1,1,50
31,3/27/13,31,24-320,BOS_LW,,MTL,L-SO,1,1,2,3,2,1,0,0,0,,,,4,25,28,18:02,0,0,0,0,
32,3/30/13,32,24-323,BOS_LW,@,PHI,L,0,0,0,-1,0,0,0,0,0,,,,1,0,26,17:42,0,0,0,0,
33,3/31/13,33,24-324,BOS_LW,@,BUF,W,0,0,0,0,0,0,0,0,0,,,,2,0,19,17:38,1,0,0,0,
34,4/2/13,34,24-326,BOS_LW,,OTT,W,0,1,1,0,0,0,0,0,0,,,,3,0,23,17:01,2,0,0,0,
35,4/4/13,35,24-328,BOS_LW,,NJD,W,0,1,1,1,0,0,0,0,0,,,,1,0,19,16:22,2,0,1,1,50
36,4/6/13,36,24-330,BOS_LW,@,MTL,L,0,0,0,-1,0,0,0,0,0,,,,0,,20,15:40,1,1,0,0,
37,4/8/13,37,24-332,BOS_LW,,CAR,W,2,0,2,1,0,2,0,0,1,,,,4,50,19,16:08,0,0,1,1,50
38,4/10/13,38,24-334,BOS_LW,@,NJD,W,0,1,1,0,0,0,0,0,0,,,,1,0,10,8:25,0,0,0,1,0
39,4/17/13,39,24-341,BOS_LW,,BUF,L-SO,0,0,0,0,2,0,0,0,0,,,,4,0,23,15:30,2,0,0,0,
40,4/20/13,40,24-344,BOS_LW,,PIT,L,1,0,1,0,4,0,1,0,0,,,,4,25,22,16:25,2,0,0,0,
41,4/21/13,41,24-345,BOS_LW,,FLA,W,1,0,1,1,0,1,0,0,0,,,,6,16.7,20,15:29,3,0,0,0,
42,4/23/13,42,24-347,BOS_LW,@,PHI,L,0,0,0,-1,0,0,0,0,0,,,,1,0,18,14:37,1,0,1,0,100
43,4/25/13,43,24-349,BOS_LW,,TBL,W,0,1,1,1,0,0,0,0,0,,,,0,,23,15:10,0,0,0,0,
44,4/27/13,44,24-351,BOS_LW,@,WSH,L-OT,0,0,0,0,2,0,0,0,0,,,,3,0,19,17:04,0,0,0,0,
45,4/28/13,45,24-352,BOS_LW,,OTT,L,0,0,0,0,2,0,0,0,0,,,,1,0,22,16:34,1,1,0,0,
1,10/6/11,1,23-148,BOS_LW,,PHI,L,1,0,1,0,2,0,1,0,0,,,,4,25,24,18:19,0,0,0,0,
2,10/8/11,2,23-150,BOS_LW,,TBL,W,0,2,2,2,4,0,0,0,0,,,,2,0,22,16:57,0,0,1,1,50
3,10/10/11,3,23-152,BOS_LW,,COL,L,0,0,0,0,2,0,0,0,0,,,,3,0,19,17:40,1,0,0,0,
4,10/12/11,4,23-154,BOS_LW,@,CAR,L,1,0,1,1,0,1,0,0,0,,,,2,50,21,17:17,0,0,0,0,
5,10/15/11,5,23-157,BOS_LW,@,CHI,W,0,0,0,-1,0,0,0,0,0,,,,3,0,27,20:04,2,1,0,0,
6,10/18/11,6,23-160,BOS_LW,,CAR,L,0,0,0,0,12,0,0,0,0,,,,2,0,22,17:06,2,0,0,0,
7,10/20/11,7,23-162,BOS_LW,,TOR,W,0,0,0,1,0,0,0,0,0,,,,2,0,21,16:07,0,1,1,0,100
8,10/22/11,8,23-164,BOS_LW,,SJS,L,0,0,0,-1,0,0,0,0,0,,,,3,0,26,19:40,2,0,1,0,100
9,10/27/11,9,23-169,BOS_LW,,MTL,L,0,0,0,-1,9,0,0,0,0,,,,1,0,21,14:26,0,0,0,0,
10,10/29/11,10,23-171,BOS_LW,@,MTL,L,0,0,0,0,0,0,0,0,0,,,,0,,20,14:49,2,0,0,0,
11,11/1/11,11,23-174,BOS_LW,,OTT,W,0,1,1,1,2,0,0,0,0,,,,4,0,27,20:28,1,0,0,0,
12,11/5/11,12,23-178,BOS_LW,@,TOR,W,0,1,1,2,0,0,0,0,0,,,,1,0,22,17:03,0,0,0,0,
13,11/7/11,13,23-180,BOS_LW,,NYI,W,0,1,1,1,0,0,0,0,0,,,,3,0,23,18:32,2,1,0,0,
14,11/10/11,14,23-183,BOS_LW,,EDM,W,2,0,2,1,0,1,1,0,0,,,,3,66.7,28,20:26,0,0,0,1,0
15,11/12/11,15,23-185,BOS_LW,,BUF,W,1,2,3,3,0,1,0,0,0,,,,2,50,20,16:28,0,0,0,0,
16,11/15/11,16,23-188,BOS_LW,,NJD,W,1,0,1,1,4,1,0,0,0,,,,5,20,24,16:13,5,0,0,0,
17,11/17/11,17,23-190,BOS_LW,,CBJ,W,0,0,0,0,0,0,0,0,0,,,,2,0,23,18:27,0,0,0,0,
18,11/19/11,18,23-192,BOS_LW,@,NYI,W,0,2,2,2,0,0,0,0,0,,,,1,0,20,15:36,0,1,0,0,
19,11/21/11,19,23-194,BOS_LW,@,MTL,W,0,0,0,0,0,0,0,0,0,,,,0,,20,19:41,2,0,0,0,
20,11/23/11,20,23-196,BOS_LW,@,BUF,W,1,0,1,1,0,1,0,0,0,,,,4,25,22,16:05,6,0,0,0,
21,11/25/11,21,23-198,BOS_LW,,DET,L-SO,0,0,0,0,0,0,0,0,0,,,,2,0,21,17:42,1,0,0,0,
22,11/26/11,22,23-199,BOS_LW,,WPG,W,1,0,1,1,2,1,0,0,0,,,,4,25,23,19:25,0,0,0,0,
23,11/30/11,23,23-203,BOS_LW,@,TOR,W,1,0,1,1,0,1,0,0,0,,,,3,33.3,21,16:27,2,0,0,0,
24,12/3/11,24,23-206,BOS_LW,,TOR,W,0,1,1,1,0,0,0,0,0,,,,2,0,21,16:16,2,0,0,0,
25,12/5/11,25,23-208,BOS_LW,@,PIT,W,0,0,0,-1,7,0,0,0,0,,,,2,0,21,14:48,0,0,0,0,
26,12/6/11,26,23-209,BOS_LW,@,WPG,L,0,0,0,0,0,0,0,0,0,,,,3,0,23,16:47,0,0,0,0,
27,12/8/11,27,23-211,BOS_LW,,FLA,L,0,0,0,0,2,0,0,0,0,,,,0,,24,18:57,2,0,0,0,
28,12/10/11,28,23-213,BOS_LW,@,CBJ,W,0,1,1,0,0,0,0,0,0,,,,2,0,18,15:43,0,0,0,0,
29,12/13/11,29,23-216,BOS_LW,,LAK,W,2,0,2,2,0,2,0,0,0,,,,3,66.7,24,17:01,0,0,0,0,
30,12/14/11,30,23-217,BOS_LW,@,OTT,W,0,0,0,2,2,0,0,0,0,,,,0,,23,15:17,2,0,0,0,
31,12/17/11,31,23-220,BOS_LW,@,PHI,W,0,1,1,1,10,0,0,0,0,,,,5,0,27,18:09,1,0,0,0,
32,12/19/11,32,23-222,BOS_LW,,MTL,W,1,0,1,0,0,1,0,0,1,,,,2,50,21,18:18,2,1,0,0,
33,12/23/11,33,23-226,BOS_LW,,FLA,W,3,2,5,5,0,2,0,1,1,,,,3,100,18,12:48,1,0,0,0,
34,12/28/11,34,23-231,BOS_LW,@,PHX,W,0,1,1,0,0,0,0,0,0,,,,3,0,20,16:04,3,2,0,0,
35,12/31/11,35,23-234,BOS_LW,@,DAL,L,0,0,0,-1,2,0,0,0,0,,,,0,,20,14:48,1,0,0,0,
36,1/4/12,36,23-238,BOS_LW,@,NJD,W,0,1,1,2,0,0,0,0,0,,,,3,0,20,17:16,1,1,0,0,
37,1/7/12,37,23-241,BOS_LW,,VAN,L,1,0,1,1,15,1,0,0,0,,,,2,50,18,10:49,0,1,1,1,50
38,1/19/12,38,23-253,BOS_LW,@,NJD,W,0,0,0,0,0,0,0,0,0,,,,0,,19,16:40,1,0,0,0,
39,1/21/12,39,23-255,BOS_LW,,NYR,L-OT,0,0,0,-1,0,0,0,0,0,,,,1,0,21,16:00,0,0,0,0,
40,1/22/12,40,23-256,BOS_LW,@,PHI,W,0,1,1,0,0,0,0,0,0,,,,2,0,25,17:10,2,0,0,0,
41,1/24/12,41,23-258,BOS_LW,@,WSH,L,1,0,1,-1,0,0,1,0,0,,,,3,33.3,23,18:07,0,0,0,0,
42,1/31/12,42,23-265,BOS_LW,,OTT,W,1,0,1,-2,0,0,1,0,0,,,,4,25,25,21:56,1,0,0,0,
43,2/2/12,43,23-267,BOS_LW,,CAR,L,0,0,0,-2,2,0,0,0,0,,,,3,0,23,16:08,2,0,0,0,
44,2/4/12,44,23-269,BOS_LW,,PIT,L,0,1,1,1,0,0,0,0,0,,,,3,0,23,20:10,2,1,0,0,
45,2/5/12,45,23-270,BOS_LW,@,WSH,W,1,1,2,2,0,1,0,0,1,,,,2,50,21,17:49,0,0,0,0,
46,2/8/12,46,23-273,BOS_LW,@,BUF,L,0,0,0,-2,0,0,0,0,0,,,,4,0,24,19:25,0,0,0,0,
47,2/11/12,47,23-276,BOS_LW,,NSH,W,0,1,1,0,0,0,0,0,0,,,,3,0,27,21:44,0,0,0,0,
48,2/14/12,48,23-279,BOS_LW,,NYR,L,0,0,0,-1,0,0,0,0,0,,,,0,,22,18:31,4,0,1,0,100
49,2/15/12,49,23-280,BOS_LW,@,MTL,W,0,1,1,0,2,0,0,0,0,,,,0,,26,19:54,0,0,0,0,
50,2/17/12,50,23-282,BOS_LW,@,WPG,L,0,0,0,0,0,0,0,0,0,,,,2,0,26,18:23,0,1,0,0,
51,2/19/12,51,23-284,BOS_LW,@,MIN,L,0,0,0,0,0,0,0,0,0,,,,2,0,25,19:24,0,0,0,0,
52,2/22/12,52,23-287,BOS_LW,@,STL,W,2,0,2,2,0,2,0,0,0,,,,3,66.7,22,18:02,0,1,0,0,
53,2/24/12,53,23-289,BOS_LW,@,BUF,L-SO,0,0,0,-1,0,0,0,0,0,,,,0,,23,19:31,0,1,0,0,
54,2/25/12,54,23-290,BOS_LW,@,OTT,W,1,0,1,2,0,1,0,0,0,,,,1,100,23,17:18,0,0,0,0,
55,2/28/12,55,23-293,BOS_LW,,OTT,L,0,0,0,0,0,0,0,0,0,,,,0,,28,19:31,1,1,0,0,
56,3/1/12,56,23-295,BOS_LW,,NJD,W,0,0,0,0,0,0,0,0,0,,,,3,0,24,20:24,2,1,0,0,
57,3/3/12,57,23-297,BOS_LW,,NYI,L,0,0,0,0,0,0,0,0,0,,,,1,0,20,17:04,1,0,0,0,
58,3/4/12,58,23-298,BOS_LW,@,NYR,L,0,0,0,-2,0,0,0,0,0,,,,2,0,25,22:27,0,0,0,0,
59,3/6/12,59,23-300,BOS_LW,@,TOR,W,0,0,0,0,4,0,0,0,0,,,,2,0,22,16:08,2,0,0,0,
60,3/8/12,60,23-302,BOS_LW,,BUF,W,0,0,0,1,0,0,0,0,0,,,,1,0,20,15:10,0,0,0,0,
61,3/10/12,61,23-304,BOS_LW,,WSH,L,1,1,2,1,0,1,0,0,0,,,,4,25,23,19:05,0,0,0,1,0
62,3/11/12,62,23-305,BOS_LW,@,PIT,L,0,0,0,0,0,0,0,0,0,,,,2,0,24,19:09,0,1,0,0,
63,3/13/12,63,23-307,BOS_LW,@,TBL,L,0,0,0,0,0,0,0,0,0,,,,1,0,22,17:23,0,1,0,0,
64,3/15/12,64,23-309,BOS_LW,@,FLA,L,0,0,0,-1,2,0,0,0,0,,,,1,0,22,17:09,1,0,0,0,
65,3/17/12,65,23-311,BOS_LW,,PHI,W,0,1,1,0,0,0,0,0,0,,,,1,0,25,19:54,1,0,0,0,
66,3/19/12,66,23-313,BOS_LW,,TOR,W,1,0,1,0,0,0,1,0,0,,,,2,50,18,14:08,1,0,0,0,
67,3/22/12,67,23-316,BOS_LW,@,SJS,L,0,0,0,0,0,0,0,0,0,,,,1,0,21,18:11,2,1,0,0,
68,3/24/12,68,23-318,BOS_LW,@,LAK,W,1,1,2,0,0,1,0,0,0,,,,4,25,25,19:23,1,1,0,0,
69,3/25/12,69,23-319,BOS_LW,@,ANA,W,0,0,0,1,0,0,0,0,0,,,,1,0,25,16:43,0,1,0,0,
70,3/27/12,70,23-321,BOS_LW,,TBL,W,1,0,1,2,2,1,0,0,0,,,,6,16.7,21,18:31,1,0,0,0,
71,3/29/12,71,23-323,BOS_LW,,WSH,L-SO,0,0,0,0,0,0,0,0,0,,,,2,0,21,19:26,1,1,0,0,
72,3/31/12,72,23-325,BOS_LW,@,NYI,W,1,2,3,3,0,1,0,0,0,,,,2,50,19,16:25,0,0,0,0,
73,4/1/12,73,23-326,BOS_LW,@,NYR,W,0,1,1,1,0,0,0,0,0,,,,1,0,23,18:14,1,0,0,0,
74,4/3/12,74,23-328,BOS_LW,,PIT,L,0,0,0,-2,0,0,0,0,0,,,,3,0,19,16:13,1,0,0,0,
75,4/5/12,75,23-330,BOS_LW,@,OTT,W,0,0,0,1,0,0,0,0,0,,,,4,0,21,15:33,1,0,0,0,
76,4/7/12,76,23-332,BOS_LW,,BUF,W,1,0,1,2,0,1,0,0,0,,,,4,25,21,18:57,0,0,0,0,
1,10/9/10,1,22-151,BOS_LW,,PHX,L,0,0,0,0,2,0,0,0,0,,,,4,0,18,10:19,2,0,0,0,
2,10/10/10,2,22-152,BOS_LW,@,PHX,W,0,0,0,0,0,0,0,0,0,,,,1,0,18,14:31,0,0,0,0,
3,10/16/10,3,22-158,BOS_LW,@,NJD,W,0,1,1,0,2,0,0,0,0,,,,3,0,17,13:24,1,0,0,1,0
4,10/19/10,4,22-161,BOS_LW,@,WSH,W,0,0,0,0,0,0,0,0,0,,,,0,,16,11:34,1,0,0,0,
5,10/21/10,5,22-163,BOS_LW,,WSH,W,0,0,0,0,0,0,0,0,0,,,,0,,18,12:07,1,1,0,0,
6,10/23/10,6,22-165,BOS_LW,,NYR,L,0,0,0,0,0,0,0,0,0,,,,1,0,15,10:44,3,1,1,0,100
7,10/28/10,7,22-170,BOS_LW,,TOR,W,0,0,0,0,4,0,0,0,0,,,,1,0,17,10:58,0,0,0,0,
8,10/30/10,8,22-172,BOS_LW,@,OTT,W,0,0,0,0,0,0,0,0,0,,,,1,0,21,16:44,0,1,0,0,
9,11/3/10,9,22-176,BOS_LW,@,BUF,W,1,1,2,2,0,0,0,1,0,,,,3,33.3,16,11:10,1,0,0,1,0
10,11/5/10,10,22-178,BOS_LW,@,WSH,L,0,1,1,0,2,0,0,0,0,,,,1,0,19,12:14,3,0,0,0,
11,11/6/10,11,22-179,BOS_LW,,STL,L-SO,0,1,1,1,0,0,0,0,0,,,,1,0,19,14:27,2,1,0,2,0
12,11/10/10,12,22-183,BOS_LW,@,PIT,W,1,0,1,0,0,1,0,0,0,,,,3,33.3,20,13:32,1,0,2,1,66.7
13,11/11/10,13,22-184,BOS_LW,,MTL,L,0,0,0,0,0,0,0,0,0,,,,0,,15,9:53,2,0,0,1,0
14,11/13/10,14,22-186,BOS_LW,,OTT,L,0,0,0,0,0,0,0,0,0,,,,0,,13,10:39,1,1,0,0,
15,11/15/10,15,22-188,BOS_LW,,NJD,W,0,0,0,0,0,0,0,0,0,,,,1,0,15,14:32,1,1,0,0,
16,11/17/10,16,22-190,BOS_LW,@,NYR,W,0,0,0,-1,0,0,0,0,0,,,,0,,19,16:13,2,0,0,0,
17,11/18/10,17,22-191,BOS_LW,,FLA,W,0,0,0,0,2,0,0,0,0,,,,7,0,19,13:05,1,0,0,0,
18,11/20/10,18,22-193,BOS_LW,,LAK,L-SO,0,1,1,1,0,0,0,0,0,,,,3,0,20,14:17,2,0,0,0,
19,11/22/10,19,22-195,BOS_LW,@,TBL,L,0,0,0,0,0,0,0,0,0,,,,3,0,18,13:53,0,0,0,0,
20,11/24/10,20,22-197,BOS_LW,@,FLA,W,1,0,1,1,0,0,0,1,0,,,,2,50,16,14:13,2,0,0,0,
21,11/26/10,21,22-199,BOS_LW,,CAR,L,0,0,0,0,0,0,0,0,0,,,,1,0,16,13:05,1,0,0,0,
22,11/28/10,22,22-201,BOS_LW,@,ATL,L,0,0,0,-1,0,0,0,0,0,,,,3,0,13,11:21,0,0,0,1,0
23,12/1/10,23,22-204,BOS_LW,@,PHI,W,0,1,1,1,0,0,0,0,0,,,,1,0,18,12:57,0,0,0,0,
24,12/2/10,24,22-205,BOS_LW,,TBL,W,0,1,1,1,2,0,0,0,0,,,,3,0,19,13:14,1,0,0,0,
25,12/4/10,25,22-207,BOS_LW,@,TOR,L-SO,0,0,0,0,0,0,0,0,0,,,,1,0,19,14:00,1,1,1,0,100
26,12/7/10,26,22-210,BOS_LW,,BUF,W,0,0,0,1,0,0,0,0,0,,,,0,,15,12:09,0,1,0,0,
27,12/9/10,27,22-212,BOS_LW,,NYI,W,1,0,1,1,0,0,0,1,0,,,,1,100,20,14:41,1,0,0,0,
28,12/11/10,28,22-214,BOS_LW,,PHI,L-OT,0,0,0,0,0,0,0,0,0,,,,3,0,19,14:51,3,3,0,0,
29,12/15/10,29,22-218,BOS_LW,@,BUF,L,0,0,0,-1,0,0,0,0,0,,,,4,0,17,12:00,1,0,0,2,0
30,12/16/10,30,22-219,BOS_LW,@,MTL,L,0,0,0,-2,0,0,0,0,0,,,,0,,11,8:32,0,0,0,0,
31,12/18/10,31,22-221,BOS_LW,,WSH,W,0,1,1,1,2,0,0,0,0,,,,1,0,11,7:18,0,0,0,0,
32,12/28/10,32,22-231,BOS_LW,@,TBL,W,1,0,1,1,4,1,0,0,0,,,,2,50,21,11:47,3,0,0,0,
33,12/30/10,33,22-233,BOS_LW,@,ATL,L-SO,0,0,0,0,0,0,0,0,0,,,,2,0,18,15:31,0,2,1,5,16.7
34,1/1/11,34,22-235,BOS_LW,@,BUF,L-SO,1,0,1,2,0,1,0,0,0,,,,4,25,20,15:44,0,1,0,1,0
35,1/3/11,35,22-237,BOS_LW,@,TOR,W,0,0,0,0,0,0,0,0,0,,,,1,0,12,8:21,1,0,0,1,0
36,1/6/11,36,22-240,BOS_LW,,MIN,L,0,0,0,0,0,0,0,0,0,,,,1,0,17,13:13,2,0,0,0,
37,1/8/11,37,22-242,BOS_LW,@,MTL,L-OT,0,1,1,2,0,0,0,0,0,,,,1,0,19,14:11,3,0,0,0,
38,1/10/11,38,22-244,BOS_LW,@,PIT,W,1,0,1,1,0,1,0,0,0,,,,1,100,19,13:58,2,0,0,0,
39,1/11/11,39,22-245,BOS_LW,,OTT,W,1,1,2,3,0,1,0,0,0,,,,3,33.3,19,16:28,0,0,0,0,
40,1/13/11,40,22-247,BOS_LW,,PHI,W,1,0,1,2,0,1,0,0,0,,,,2,50,22,13:45,2,0,0,0,
41,1/15/11,41,22-249,BOS_LW,,PIT,L,0,0,0,-1,0,0,0,0,0,,,,0,,18,14:04,2,0,0,0,
42,1/17/11,42,22-251,BOS_LW,,CAR,W,0,0,0,1,0,0,0,0,0,,,,2,0,20,13:49,2,0,0,0,
43,1/18/11,43,22-252,BOS_LW,@,CAR,W,1,0,1,1,2,1,0,0,0,,,,2,50,21,13:51,1,2,0,1,0
44,1/20/11,44,22-254,BOS_LW,,BUF,L,0,0,0,0,0,0,0,0,0,,,,2,0,20,14:38,3,1,0,0,
45,1/22/11,45,22-256,BOS_LW,@,COL,W,2,2,4,4,0,1,0,1,0,,,,4,50,20,12:33,1,0,0,0,
46,1/24/11,46,22-258,BOS_LW,@,LAK,L,0,0,0,0,0,0,0,0,0,,,,1,0,20,15:47,1,1,0,0,
47,1/26/11,47,22-260,BOS_LW,,FLA,W,1,0,1,0,0,1,0,0,0,,,,3,33.3,23,16:21,2,0,1,0,100
48,2/1/11,48,22-266,BOS_LW,@,CAR,W,0,0,0,0,2,0,0,0,0,,,,1,0,24,17:58,1,0,0,0,
49,2/3/11,49,22-268,BOS_LW,,DAL,W,1,2,3,3,2,1,0,0,0,,,,3,33.3,20,14:35,2,0,0,0,
50,2/5/11,50,22-270,BOS_LW,,SJS,L,0,0,0,0,0,0,0,0,0,,,,1,0,18,13:44,2,0,0,0,
51,2/9/11,51,22-274,BOS_LW,,MTL,W,1,0,1,1,4,1,0,0,0,,,,3,33.3,24,16:38,5,0,0,0,
52,2/11/11,52,22-276,BOS_LW,,DET,L,0,0,0,-3,2,0,0,0,0,,,,4,0,21,16:27,2,0,0,0,
53,2/13/11,53,22-278,BOS_LW,@,DET,L,1,0,1,-2,0,0,1,0,0,,,,1,100,21,15:46,1,0,0,0,
54,2/15/11,54,22-280,BOS_LW,,TOR,L,0,1,1,0,0,0,0,0,0,,,,2,0,19,15:50,1,0,0,0,
55,2/17/11,55,22-282,BOS_LW,@,NYI,W,0,0,0,1,0,0,0,0,0,,,,2,0,20,15:20,0,0,0,0,
56,2/18/11,56,22-283,BOS_LW,@,OTT,W,2,0,2,2,0,2,0,0,0,,,,4,50,18,15:12,1,0,0,0,
57,2/22/11,57,22-287,BOS_LW,@,CGY,W,1,0,1,1,0,1,0,0,1,,,,3,33.3,20,14:48,1,1,0,0,
58,2/26/11,58,22-291,BOS_LW,@,VAN,W,0,0,0,-1,4,0,0,0,0,,,,0,,22,13:51,1,0,0,0,
59,2/27/11,59,22-292,BOS_LW,@,EDM,W,0,0,0,0,5,0,0,0,0,,,,3,0,21,14:14,2,0,0,0,
60,3/1/11,60,22-294,BOS_LW,@,OTT,W,0,1,1,1,2,0,0,0,0,,,,1,0,17,13:20,1,2,0,0,
61,3/3/11,61,22-296,BOS_LW,,TBL,W,0,0,0,-1,0,0,0,0,0,,,,4,0,19,14:16,0,1,0,0,
62,3/5/11,62,22-298,BOS_LW,,PIT,L-OT,0,0,0,0,0,0,0,0,0,,,,4,0,22,16:28,2,1,0,0,
63,3/8/11,63,22-301,BOS_LW,@,MTL,L,0,0,0,0,0,0,0,0,0,,,,1,0,21,13:52,1,0,0,0,
64,3/10/11,64,22-303,BOS_LW,,BUF,L-OT,0,0,0,-1,2,0,0,0,0,,,,2,0,21,14:41,2,1,0,0,
65,3/11/11,65,22-304,BOS_LW,@,NYI,L,0,0,0,0,2,0,0,0,0,,,,2,0,13,9:52,0,0,0,0,
66,3/15/11,66,22-308,BOS_LW,@,CBJ,W,0,0,0,0,0,0,0,0,0,,,,5,0,20,15:55,3,0,1,0,100
67,3/22/11,67,22-315,BOS_LW,,NJD,W,0,0,0,1,0,0,0,0,0,,,,1,0,21,16:03,1,0,0,0,
68,3/24/11,68,22-317,BOS_LW,,MTL,W,0,1,1,2,2,0,0,0,0,,,,3,0,21,16:06,0,1,1,0,100
69,3/26/11,69,22-319,BOS_LW,,NYR,L,0,0,0,0,0,0,0,0,0,,,,2,0,19,14:27,0,2,0,0,
70,3/27/11,70,22-320,BOS_LW,@,PHI,W,1,0,1,0,0,0,1,0,1,,,,2,50,23,17:09,0,0,0,0,
71,3/29/11,71,22-322,BOS_LW,,CHI,W,0,1,1,1,2,0,0,0,0,,,,4,0,26,18:10,0,0,0,0,
72,3/31/11,72,22-324,BOS_LW,,TOR,L-SO,1,1,2,0,0,0,0,1,0,,,,1,100,25,18:38,0,1,0,0,
73,4/2/11,73,22-326,BOS_LW,,ATL,W,0,1,1,0,0,0,0,0,0,,,,0,,17,15:28,0,0,0,0,
74,4/4/11,74,22-328,BOS_LW,@,NYR,L,0,0,0,-1,0,0,0,0,0,,,,2,0,23,16:24,0,1,0,0,
75,4/6/11,75,22-330,BOS_LW,,NYI,W,0,0,0,0,0,0,0,0,0,,,,3,0,18,15:18,1,0,0,0,
76,4/9/11,76,22-333,BOS_LW,,OTT,W,0,0,0,-1,0,0,0,0,0,,,,0,,16,12:33,0,1,0,0,
77,4/10/11,77,22-334,BOS_LW,@,NJD,L,0,0,0,1,0,0,0,0,0,,,,1,0,18,17:06,0,0,0,0,
1,10/21/09,1,21-163,BOS_LW,,NSH,W,0,1,1,1,0,0,0,0,0,,,,0,,20,14:42,0,0,0,0,
2,10/22/09,2,21-164,BOS_LW,@,PHI,L-SO,0,0,0,-1,0,0,0,0,0,,,,1,0,23,16:24,0,2,1,2,33.3
3,10/24/09,3,21-166,BOS_LW,@,OTT,W,0,0,0,0,0,0,0,0,0,,,,2,0,23,15:17,2,0,0,1,0
4,10/29/09,4,21-171,BOS_LW,,NJD,L,0,0,0,-1,0,0,0,0,0,,,,0,,18,15:49,2,0,0,1,0
5,10/31/09,5,21-173,BOS_LW,,EDM,W,0,0,0,0,0,0,0,0,0,,,,1,0,17,15:37,1,0,0,0,
6,11/1/09,6,21-174,BOS_LW,@,NYR,L,0,0,0,0,0,0,0,0,0,,,,5,0,18,17:18,3,0,0,1,0
7,11/3/09,7,21-176,BOS_LW,@,DET,L,0,0,0,0,0,0,0,0,0,,,,1,0,15,12:33,1,0,0,1,0
8,11/5/09,8,21-178,BOS_LW,,MTL,L-SO,0,0,0,0,0,0,0,0,0,,,,1,0,19,12:41,1,0,1,0,100
9,11/7/09,9,21-180,BOS_LW,,BUF,W,0,0,0,0,14,0,0,0,0,,,,2,0,19,9:06,1,0,0,0,
10,11/12/09,10,21-185,BOS_LW,,FLA,L-SO,0,0,0,0,2,0,0,0,0,,,,1,0,14,9:24,1,1,0,0,
11,11/14/09,11,21-187,BOS_LW,@,PIT,L-OT,0,0,0,0,2,0,0,0,0,,,,3,0,12,10:36,1,0,0,0,
12,11/16/09,12,21-189,BOS_LW,,NYI,L,0,0,0,0,0,0,0,0,0,,,,1,0,15,12:12,1,0,1,1,50
13,3/11/10,13,21-304,BOS_LW,@,PHI,W,0,0,0,0,0,0,0,0,0,,,,0,,15,11:02,1,0,0,0,
14,3/13/10,14,21-306,BOS_LW,@,MTL,L,0,0,0,1,0,0,0,0,0,,,,3,0,15,10:54,0,0,0,1,0
15,3/15/10,15,21-308,BOS_LW,@,NJD,L,0,0,0,0,0,0,0,0,0,,,,4,0,15,9:48,2,0,0,0,
16,3/16/10,16,21-309,BOS_LW,@,CAR,W,0,0,0,0,0,0,0,0,0,,,,0,,15,9:10,0,1,0,0,
17,4/1/10,17,21-325,BOS_LW,,FLA,L,0,0,0,0,2,0,0,0,0,,,,2,0,11,7:19,1,0,0,0,
18,4/3/10,18,21-327,BOS_LW,@,TOR,W,0,0,0,-1,0,0,0,0,0,,,,0,,13,11:04,1,0,0,0,
19,4/5/10,19,21-329,BOS_LW,@,WSH,L-OT,0,0,0,0,0,0,0,0,0,,,,2,0,10,7:15,0,0,0,0,
20,4/11/10,20,21-335,BOS_LW,@,WSH,W,0,0,0,-2,0,0,0,0,0,,,,3,0,16,11:06,1,0,0,0,