Rk,Date,G,Age,Tm,,Opp,,G,A,PTS,+/-,PIM,EV,PP,SH,GW,EV,PP,SH,S,S%,SHFT,TOI,HIT,BLK,FOW,FOL,FO%,
1,10/3/19,1,34-071,BOS_C,@,DAL,W,0,0,0,0,0,0,0,0,0,0,0,0,2,0,22,18:31,0,0,8,11,42.1,0:50
2,10/5/19,2,34-073,BOS_C,@,ARI,W,0,1,1,1,0,0,0,0,0,1,0,0,3,0,23,16:47,1,0,8,9,47.1,0:43
3,10/8/19,3,34-076,BOS_C,@,VEG,W,0,1,1,0,0,0,0,0,0,1,0,0,3,0,23,18:33,0,1,15,6,71.4,0:48
4,10/10/19,4,34-078,BOS_C,@,COL,L,0,1,1,-1,0,0,0,0,0,1,0,0,4,0,26,17:07,1,0,14,9,60.9,0:39
5,10/12/19,5,34-080,BOS_C,,NJD,W,1,0,1,1,0,0,1,0,0,0,0,0,2,50,22,16:10,0,1,9,5,64.3,0:44
6,10/14/19,6,34-082,BOS_C,,ANA,W,0,1,1,1,2,0,0,0,0,0,1,0,1,0,24,18:08,1,0,12,9,57.1,0:45
7,10/17/19,7,34-085,BOS_C,,TBL,L-SO,1,1,2,0,2,0,1,0,0,0,1,0,3,33.3,27,21:25,1,2,14,13,51.9,0:47
8,10/19/19,8,34-087,BOS_C,@,TOR,L-OT,0,1,1,0,0,0,0,0,0,1,0,0,6,0,26,21:38,1,0,11,11,50,0:49
9,10/22/19,9,34-090,BOS_C,,TOR,W,0,0,0,1,0,0,0,0,0,0,0,0,6,0,27,21:20,1,0,12,10,54.5,0:47
10,10/26/19,10,34-094,BOS_C,,STL,W,0,0,0,1,0,0,0,0,0,0,0,0,5,0,23,19:41,1,1,10,9,52.6,0:51
11,10/27/19,11,34-095,BOS_C,@,NYR,W,3,0,3,3,0,3,0,0,0,0,0,0,5,60,23,18:08,1,0,13,4,76.5,0:47
12,10/29/19,12,34-097,BOS_C,,SJS,W,0,1,1,0,0,0,0,0,0,0,1,0,2,0,17,16:43,0,0,9,8,52.9,0:59
13,11/2/19,13,34-101,BOS_C,,OTT,W,1,1,2,1,0,1,0,0,0,0,1,0,5,20,23,19:06,0,0,11,4,73.3,0:49
14,11/4/19,14,34-103,BOS_C,,PIT,W,1,0,1,3,0,1,0,0,0,0,0,0,3,33.3,23,21:47,1,0,10,13,43.5,0:56
15,11/5/19,15,34-104,BOS_C,@,MTL,L,0,1,1,-2,2,0,0,0,0,0,1,0,1,0,24,18:11,1,1,10,8,55.6,0:45
16,11/8/19,16,34-107,BOS_C,@,DET,L,1,0,1,-2,0,0,1,0,0,0,0,0,7,14.3,26,21:15,1,0,11,7,61.1,0:49
17,11/10/19,17,34-109,BOS_C,,PHI,L-SO,0,0,0,1,0,0,0,0,0,0,0,0,2,0,23,19:25,0,1,12,10,54.5,0:50
18,11/12/19,18,34-111,BOS_C,,FLA,L-SO,0,1,1,0,2,0,0,0,0,1,0,0,3,0,28,19:45,1,0,7,12,36.8,0:42
19,11/15/19,19,34-114,BOS_C,@,TOR,W,0,1,1,-1,2,0,0,0,0,1,0,0,2,0,22,16:48,2,0,13,12,52,0:45
20,11/21/19,20,34-120,BOS_C,,BUF,W,0,1,1,1,0,0,0,0,0,0,1,0,4,0,22,18:16,3,1,11,7,61.1,0:49
21,11/23/19,21,34-122,BOS_C,,MIN,W,0,4,4,2,2,0,0,0,0,3,1,0,3,0,25,16:40,0,1,10,8,55.6,0:40
1,10/3/18,1,33-071,BOS_C,@,WSH,L,0,0,0,-2,0,0,0,0,0,0,0,0,3,0,23,15:23,0,0,16,4,80,0:40
2,10/4/18,2,33-072,BOS_C,@,BUF,W,1,1,2,2,0,0,0,1,0,0,1,0,2,50,21,15:56,1,1,12,15,44.4,0:45
3,10/8/18,3,33-076,BOS_C,,OTT,W,3,1,4,3,2,2,1,0,1,1,0,0,4,75,24,16:46,0,0,14,10,58.3,0:41
4,10/11/18,4,33-079,BOS_C,,EDM,W,1,1,2,0,0,1,0,0,0,0,1,0,4,25,24,19:08,1,1,14,7,66.7,0:47
5,10/13/18,5,33-081,BOS_C,,DET,W,0,3,3,2,0,0,0,0,0,2,1,0,1,0,22,14:18,1,1,11,8,57.9,0:39
6,10/17/18,6,33-085,BOS_C,@,CGY,L,1,1,2,0,2,1,0,0,0,1,0,0,7,14.3,25,19:07,1,1,12,9,57.1,0:45
7,10/18/18,7,33-086,BOS_C,@,EDM,L-OT,0,0,0,0,0,0,0,0,0,0,0,0,3,0,26,21:00,0,2,13,13,50,0:48
8,10/20/18,8,33-088,BOS_C,@,VAN,L-OT,0,0,0,0,0,0,0,0,0,0,0,0,2,0,26,21:58,0,1,16,11,59.3,0:50
9,10/23/18,9,33-091,BOS_C,@,OTT,W,1,2,3,1,0,0,1,0,0,1,1,0,2,50,26,18:59,0,1,16,8,66.7,0:43
10,10/25/18,10,33-093,BOS_C,,PHI,W,0,0,0,0,0,0,0,0,0,0,0,0,3,0,23,21:56,0,3,10,8,55.6,0:57
11,10/27/18,11,33-095,BOS_C,,MTL,L,0,0,0,-2,0,0,0,0,0,0,0,0,4,0,25,20:44,0,0,15,11,57.7,0:49
12,10/30/18,12,33-098,BOS_C,@,CAR,W,0,3,3,1,0,0,0,0,0,1,2,0,3,0,27,20:35,1,1,12,18,40,0:45
13,11/3/18,13,33-102,BOS_C,@,NSH,L,0,0,0,0,0,0,0,0,0,0,0,0,4,0,25,22:24,1,0,16,13,55.2,0:53
14,11/5/18,14,33-104,BOS_C,,DAL,W,0,1,1,-1,0,0,0,0,0,0,1,0,5,0,26,21:22,2,1,15,7,68.2,0:49
15,11/8/18,15,33-107,BOS_C,,VAN,L,1,0,1,-3,0,1,0,0,0,0,0,0,4,25,25,21:48,1,1,11,14,44,0:52
16,11/10/18,16,33-109,BOS_C,,TOR,W,1,2,3,2,0,1,0,0,0,1,1,0,4,25,23,18:43,0,1,9,8,52.9,0:48
17,11/11/18,17,33-110,BOS_C,,VEG,W,0,1,1,1,0,0,0,0,0,1,0,0,3,0,23,19:08,0,2,16,9,64,
18,11/14/18,18,33-113,BOS_C,@,COL,L,0,1,1,-1,4,0,0,0,0,0,1,0,3,0,22,17:13,1,1,9,12,42.9,
19,11/16/18,19,33-115,BOS_C,@,DAL,L-OT,0,0,0,0,2,0,0,0,0,0,0,0,2,0,18,13:00,0,1,6,8,42.9,
20,12/22/18,20,33-151,BOS_C,,NSH,W,2,2,4,2,0,1,1,0,0,1,1,0,3,66.7,24,16:25,0,0,13,12,52,
21,12/23/18,21,33-152,BOS_C,@,CAR,L,0,0,0,0,0,0,0,0,0,0,0,0,3,0,27,20:07,4,2,21,12,63.6,
22,12/27/18,22,33-156,BOS_C,,NJD,L,1,0,1,0,0,1,0,0,0,0,0,0,5,20,23,20:22,2,1,14,10,58.3,
23,12/29/18,23,33-158,BOS_C,@,BUF,W,0,0,0,0,0,0,0,0,0,0,0,0,5,0,27,22:49,0,1,11,9,55,
24,1/1/19,24,33-161,BOS_C,@,CHI,W,1,1,2,1,0,0,1,0,0,0,1,0,2,50,27,18:31,0,2,13,14,48.1,
25,1/3/19,25,33-163,BOS_C,,CGY,W,0,2,2,1,0,0,0,0,0,2,0,0,0,,24,19:38,0,1,10,10,50,
26,1/5/19,26,33-165,BOS_C,,BUF,W,0,0,0,-1,0,0,0,0,0,0,0,0,3,0,21,17:31,2,2,13,7,65,
27,1/8/19,27,33-168,BOS_C,,MIN,W,1,2,3,1,0,0,1,0,0,1,1,0,3,33.3,17,12:14,0,0,8,8,50,
28,1/10/19,28,33-170,BOS_C,,WSH,L,0,0,0,-3,2,0,0,0,0,0,0,0,4,0,23,20:43,2,0,17,7,70.8,
29,1/12/19,29,33-172,BOS_C,@,TOR,W,0,0,0,1,2,0,0,0,0,0,0,0,1,0,24,18:21,1,2,13,8,61.9,
30,1/14/19,30,33-174,BOS_C,,MTL,L-OT,0,1,1,-2,0,0,0,0,0,1,0,0,3,0,23,17:44,2,0,10,12,45.5,
31,1/16/19,31,33-176,BOS_C,@,PHI,L,0,0,0,1,2,0,0,0,0,0,0,0,5,0,23,20:56,1,0,15,11,57.7,
32,1/17/19,32,33-177,BOS_C,,STL,W,0,1,1,0,0,0,0,0,0,1,0,0,4,0,21,18:03,2,2,12,4,75,
33,1/19/19,33,33-179,BOS_C,,NYR,L,0,1,1,-1,2,0,0,0,0,1,0,0,1,0,22,18:13,0,0,17,10,63,
34,1/29/19,34,33-189,BOS_C,,WPG,L-SO,2,0,2,1,0,2,0,0,0,0,0,0,6,33.3,27,19:34,1,0,20,11,64.5,
35,1/31/19,35,33-191,BOS_C,,PHI,L-OT,0,1,1,1,0,0,0,0,0,1,0,0,3,0,27,19:21,1,2,9,17,34.6,
36,2/3/19,36,33-194,BOS_C,@,WSH,W,0,0,0,0,2,0,0,0,0,0,0,0,4,0,23,18:04,3,1,10,3,76.9,
37,2/5/19,37,33-196,BOS_C,,NYI,W,2,0,2,2,0,2,0,0,0,0,0,0,4,50,21,15:33,0,0,8,9,47.1,
38,2/6/19,38,33-197,BOS_C,@,NYR,L-SO,1,0,1,0,4,0,1,0,0,0,0,0,6,16.7,28,19:29,1,0,10,6,62.5,
39,2/9/19,39,33-200,BOS_C,,LAK,W,1,2,3,3,0,0,1,0,1,1,0,1,7,14.3,26,21:23,0,1,13,11,54.2,
40,2/10/19,40,33-201,BOS_C,,COL,W,0,1,1,1,0,0,0,0,0,1,0,0,2,0,25,21:32,2,3,14,11,56,
41,2/12/19,41,33-203,BOS_C,,CHI,W,0,2,2,3,0,0,0,0,0,1,1,0,3,0,22,18:54,1,0,13,8,61.9,
42,2/15/19,42,33-206,BOS_C,@,ANA,W,0,0,0,0,0,0,0,0,0,0,0,0,3,0,22,18:46,0,0,15,3,83.3,
43,2/16/19,43,33-207,BOS_C,@,LAK,W,1,1,2,2,0,1,0,0,0,1,0,0,4,25,23,16:01,0,0,13,3,81.3,
44,2/18/19,44,33-209,BOS_C,@,SJS,W,0,1,1,-1,0,0,0,0,0,0,1,0,1,0,28,20:09,0,2,15,14,51.7,
45,2/20/19,45,33-211,BOS_C,@,VEG,W,0,0,0,0,0,0,0,0,0,0,0,0,0,,22,20:14,1,2,10,9,52.6,
46,2/23/19,46,33-214,BOS_C,@,STL,L-SO,0,0,0,0,0,0,0,0,0,0,0,0,4,0,23,18:33,1,4,3,9,25,
47,2/26/19,47,33-217,BOS_C,,SJS,W,0,1,1,1,0,0,0,0,0,0,0,1,0,,21,18:28,0,2,16,3,84.2,
48,2/28/19,48,33-219,BOS_C,,TBL,W,1,0,1,2,0,1,0,0,0,0,0,0,3,33.3,22,16:41,1,0,8,4,66.7,
49,3/2/19,49,33-221,BOS_C,,NJD,W,0,1,1,0,0,0,0,0,0,0,1,0,1,0,19,16:11,0,0,9,7,56.3,
50,3/5/19,50,33-224,BOS_C,,CAR,W,1,0,1,0,2,0,0,1,0,0,0,0,2,50,25,18:45,2,0,11,8,57.9,
51,3/7/19,51,33-226,BOS_C,,FLA,W,2,0,2,2,0,1,0,1,1,0,0,0,2,100,24,18:58,0,1,13,9,59.1,
52,3/9/19,52,33-228,BOS_C,,OTT,W,0,1,1,-1,0,0,0,0,0,0,1,0,5,0,22,18:12,0,0,8,10,44.4,
53,3/10/19,53,33-229,BOS_C,@,PIT,L,0,0,0,-2,2,0,0,0,0,0,0,0,5,0,24,20:22,0,2,12,10,54.5,
54,3/12/19,54,33-231,BOS_C,@,CBJ,L,1,1,2,0,0,0,0,1,0,1,0,0,3,33.3,24,19:20,0,0,9,14,39.1,
55,3/14/19,55,33-233,BOS_C,@,WPG,L,0,0,0,0,0,0,0,0,0,0,0,0,3,0,22,19:23,1,3,12,13,48,
56,3/16/19,56,33-235,BOS_C,,CBJ,W,1,1,2,1,0,0,1,0,0,1,0,0,4,25,27,18:51,0,0,14,9,60.9,
57,3/19/19,57,33-238,BOS_C,@,NYI,W,1,0,1,1,0,1,0,0,0,0,0,0,4,25,20,14:36,0,0,13,9,59.1,
58,3/21/19,58,33-240,BOS_C,@,NJD,W,2,1,3,4,0,2,0,0,0,1,0,0,4,50,18,17:10,0,0,9,10,47.4,
59,3/23/19,59,33-242,BOS_C,@,FLA,W,1,1,2,3,0,1,0,0,0,1,0,0,6,16.7,23,17:27,1,0,6,10,37.5,
60,3/25/19,60,33-244,BOS_C,@,TBL,L,0,2,2,0,0,0,0,0,0,1,1,0,2,0,23,16:07,0,2,11,7,61.1,
61,3/27/19,61,33-246,BOS_C,,NYR,W,1,1,2,0,2,0,1,0,0,0,1,0,2,50,19,14:54,0,0,11,11,50,
62,3/30/19,62,33-249,BOS_C,,FLA,L,0,0,0,-3,0,0,0,0,0,0,0,0,1,0,21,15:42,0,1,15,11,57.7,
63,3/31/19,63,33-250,BOS_C,@,DET,L,0,1,1,-2,0,0,0,0,0,0,0,1,3,0,22,18:32,0,0,11,2,84.6,
64,4/2/19,64,33-252,BOS_C,@,CBJ,W,0,1,1,1,0,0,0,0,0,1,0,0,1,0,19,14:49,0,1,8,11,42.1,
65,4/4/19,65,33-254,BOS_C,@,MIN,W,0,0,0,1,0,0,0,0,0,0,0,0,2,0,18,17:16,1,1,7,4,63.6,
1,10/19/17,1,32-087,BOS_C,,VAN,W,1,3,4,2,0,0,1,0,0,2,1,0,6,16.7,27,20:58,1,0,8,8,50,
2,10/21/17,2,32-089,BOS_C,,BUF,L-OT,0,0,0,0,0,0,0,0,0,0,0,0,3,0,30,19:58,1,2,14,6,70,
3,10/26/17,3,32-094,BOS_C,,SJS,W,0,0,0,0,0,0,0,0,0,0,0,0,3,0,28,22:23,1,2,16,14,53.3,
4,10/28/17,4,32-096,BOS_C,,LAK,L-OT,0,0,0,1,2,0,0,0,0,0,0,0,5,0,28,21:50,2,0,15,11,57.7,
5,10/30/17,5,32-098,BOS_C,@,CBJ,L-SO,1,1,2,0,0,0,1,0,0,0,1,0,4,25,33,22:08,1,0,13,14,48.1,
6,11/2/17,6,32-101,BOS_C,,VEG,W,0,0,0,0,2,0,0,0,0,0,0,0,2,0,25,19:43,0,3,9,9,50,
7,11/4/17,7,32-103,BOS_C,,WSH,L,0,1,1,0,0,0,0,0,0,1,0,0,5,0,26,23:21,1,2,9,13,40.9,
8,11/6/17,8,32-105,BOS_C,,MIN,W,0,1,1,-1,0,0,0,0,0,1,0,0,2,0,24,21:56,1,2,14,11,56,
9,11/8/17,9,32-107,BOS_C,@,NYR,L,1,1,2,2,0,1,0,0,0,1,0,0,2,50,28,20:39,1,1,13,6,68.4,
10,11/10/17,10,32-109,BOS_C,@,TOR,L-OT,1,0,1,1,0,1,0,0,0,0,0,0,6,16.7,28,22:49,1,1,19,9,67.9,
11,11/11/17,11,32-110,BOS_C,,TOR,L,0,0,0,0,0,0,0,0,0,0,0,0,4,0,22,20:26,0,0,13,9,59.1,
12,11/15/17,12,32-114,BOS_C,@,ANA,L,0,0,0,-1,0,0,0,0,0,0,0,0,6,0,22,18:47,1,1,10,9,52.6,
13,11/16/17,13,32-115,BOS_C,@,LAK,W,0,1,1,1,4,0,0,0,0,1,0,0,1,0,25,18:20,2,0,12,6,66.7,
14,11/18/17,14,32-117,BOS_C,@,SJS,W,0,0,0,2,0,0,0,0,0,0,0,0,1,0,26,20:59,2,3,14,10,58.3,
15,11/22/17,15,32-121,BOS_C,@,NJD,W,1,0,1,0,0,1,0,0,0,0,0,0,6,16.7,28,20:58,0,2,8,7,53.3,
16,11/24/17,16,32-123,BOS_C,,PIT,W,0,0,0,0,0,0,0,0,0,0,0,0,3,0,28,21:23,0,0,13,11,54.2,
17,11/26/17,17,32-125,BOS_C,,EDM,L,0,0,0,-2,0,0,0,0,0,0,0,0,4,0,23,19:37,0,0,10,7,58.8,
18,11/29/17,18,32-128,BOS_C,,TBL,W,0,0,0,2,0,0,0,0,0,0,0,0,4,0,26,22:57,0,1,16,12,57.1,
19,12/2/17,19,32-131,BOS_C,@,PHI,W,0,1,1,2,0,0,0,0,0,1,0,0,2,0,25,17:49,1,1,8,7,53.3,
20,12/4/17,20,32-133,BOS_C,@,NSH,L,0,1,1,1,0,0,0,0,0,1,0,0,1,0,26,21:22,1,0,11,14,44,
21,12/7/17,21,32-136,BOS_C,,ARI,W,0,2,2,1,0,0,0,0,0,1,1,0,1,0,21,16:09,1,1,10,11,47.6,
22,12/9/17,22,32-138,BOS_C,,NYI,W,0,1,1,1,0,0,0,0,0,1,0,0,3,0,29,21:52,0,3,15,9,62.5,
23,12/13/17,23,32-142,BOS_C,@,DET,W,0,0,0,1,2,0,0,0,0,0,0,0,3,0,25,21:53,4,0,13,12,52,
24,12/14/17,24,32-143,BOS_C,,WSH,L,2,0,2,-2,2,0,2,0,0,0,0,0,4,50,22,20:04,2,1,15,5,75,
25,12/16/17,25,32-145,BOS_C,,NYR,L-OT,0,0,0,0,0,0,0,0,0,0,0,0,9,0,29,24:00:00,0,0,20,8,71.4,
26,12/18/17,26,32-147,BOS_C,,CBJ,W,1,1,2,2,0,1,0,0,0,1,0,0,5,20,21,17:53,0,0,10,6,62.5,
27,12/19/17,27,32-148,BOS_C,@,BUF,W,0,0,0,0,2,0,0,0,0,0,0,0,3,0,21,17:39,0,1,5,15,25,
28,12/21/17,28,32-150,BOS_C,,WPG,W,0,0,0,0,2,0,0,0,0,0,0,0,7,0,28,20:56,0,0,16,11,59.3,
29,12/23/17,29,32-152,BOS_C,,DET,W,2,0,2,1,2,2,0,0,1,0,0,0,6,33.3,22,17:21,0,0,15,5,75,
30,12/27/17,30,32-156,BOS_C,,OTT,W,0,0,0,0,2,0,0,0,0,0,0,0,2,0,22,17:28,0,0,5,7,41.7,
31,12/28/17,31,32-157,BOS_C,@,WSH,L-SO,0,0,0,0,0,0,0,0,0,0,0,0,2,0,27,24:00:00,0,1,17,8,68,
32,12/30/17,32,32-159,BOS_C,@,OTT,W,1,0,1,0,2,0,1,0,0,0,0,0,4,25,19,12:58,0,0,3,5,37.5,
33,1/2/18,33,32-162,BOS_C,@,NYI,W,1,0,1,1,0,1,0,0,1,0,0,0,2,50,20,14:22,2,1,12,5,70.6,
34,1/6/18,34,32-166,BOS_C,,CAR,W,4,1,5,4,0,3,0,1,0,0,1,0,7,57.1,19,14:18,1,0,13,4,76.5,
35,1/7/18,35,32-167,BOS_C,@,PIT,L-OT,0,1,1,1,0,0,0,0,0,1,0,0,3,0,25,18:12,0,1,14,9,60.9,
36,1/13/18,36,32-173,BOS_C,@,MTL,W,0,1,1,0,0,0,0,0,0,0,1,0,2,0,29,19:18,1,0,14,15,48.3,
37,1/15/18,37,32-175,BOS_C,,DAL,L-OT,0,0,0,-1,0,0,0,0,0,0,0,0,4,0,30,21:44,0,0,16,14,53.3,
38,1/17/18,38,32-177,BOS_C,,MTL,W,0,2,2,1,0,0,0,0,0,1,1,0,0,,23,17:16,0,0,14,11,56,
39,1/18/18,39,32-178,BOS_C,@,NYI,W,3,0,3,1,0,2,1,0,1,0,0,0,4,75,21,15:39,0,1,12,6,66.7,
40,1/20/18,40,32-180,BOS_C,@,MTL,W,0,1,1,2,0,0,0,0,0,1,0,0,1,0,23,15:41,0,1,12,6,66.7,
41,1/23/18,41,32-183,BOS_C,,NJD,W,1,0,1,0,0,0,1,0,0,0,0,0,3,33.3,24,17:43,1,1,15,9,62.5,
42,1/25/18,42,32-185,BOS_C,@,OTT,W,0,2,2,1,0,0,0,0,0,0,1,1,4,0,25,17:43,2,0,8,11,42.1,
43,1/30/18,43,32-190,BOS_C,,ANA,L,0,0,0,-1,0,0,0,0,0,0,0,0,4,0,25,22:26,1,1,11,11,50,
44,2/1/18,44,32-192,BOS_C,,STL,W,1,0,1,0,0,0,1,0,1,0,0,0,4,25,23,18:11,1,2,8,10,44.4,
45,2/3/18,45,32-194,BOS_C,,TOR,W,1,0,1,1,0,1,0,0,0,0,0,0,6,16.7,23,18:40,1,0,9,10,47.4,
46,2/6/18,46,32-197,BOS_C,@,DET,W,0,0,0,0,2,0,0,0,0,0,0,0,3,0,22,19:03,1,0,10,13,43.5,
47,2/7/18,47,32-198,BOS_C,@,NYR,W,2,0,2,2,0,1,0,1,0,0,0,0,7,28.6,20,18:10,0,1,6,10,37.5,
48,2/10/18,48,32-201,BOS_C,,BUF,L,0,1,1,-2,0,0,0,0,0,1,0,0,1,0,20,17:00,2,1,16,8,66.7,
49,2/11/18,49,32-202,BOS_C,@,NJD,W,1,1,2,0,2,1,0,0,0,0,1,0,4,25,29,17:25,1,1,10,9,52.6,
50,2/13/18,50,32-204,BOS_C,,CGY,W,2,0,2,0,0,1,1,0,1,0,0,0,6,33.3,24,19:56,0,1,13,6,68.4,
51,2/17/18,51,32-208,BOS_C,@,VAN,L,0,0,0,-1,0,0,0,0,0,0,0,0,3,0,18,19:38,0,0,7,8,46.7,
52,2/19/18,52,32-210,BOS_C,@,CGY,W,0,1,1,1,0,0,0,0,0,1,0,0,2,0,27,18:40,0,0,11,11,50,
53,2/20/18,53,32-211,BOS_C,@,EDM,W,0,0,0,0,0,0,0,0,0,0,0,0,3,0,24,18:42,1,0,17,8,68,
54,2/24/18,54,32-215,BOS_C,@,TOR,L,0,2,2,2,0,0,0,0,0,2,0,0,3,0,23,19:15,2,0,15,7,68.2,
55,2/25/18,55,32-216,BOS_C,@,BUF,L,0,0,0,0,0,0,0,0,0,0,0,0,3,0,21,17:59,1,0,12,7,63.2,
56,3/25/18,56,32-244,BOS_C,@,MIN,W,0,2,2,2,0,0,0,0,0,2,0,0,2,0,25,19:08,0,0,14,9,60.9,
57,3/27/18,57,32-246,BOS_C,@,WPG,L-SO,0,0,0,-2,0,0,0,0,0,0,0,0,2,0,25,22:07,1,0,11,13,45.8,
58,3/29/18,58,32-248,BOS_C,,TBL,W,1,2,3,2,0,1,0,0,1,1,1,0,1,100,26,19:48,2,1,12,9,57.1,
59,3/31/18,59,32-250,BOS_C,,FLA,W,1,0,1,0,0,0,1,0,0,0,0,0,2,50,24,16:10,0,0,17,7,70.8,
60,4/1/18,60,32-251,BOS_C,@,PHI,L-OT,1,0,1,-2,0,1,0,0,0,0,0,0,3,33.3,27,22:28,2,0,11,5,68.8,
61,4/3/18,61,32-253,BOS_C,@,TBL,L,0,0,0,-2,0,0,0,0,0,0,0,0,4,0,23,18:17,0,1,10,8,55.6,
62,4/5/18,62,32-255,BOS_C,@,FLA,L,0,0,0,-1,0,0,0,0,0,0,0,0,2,0,26,17:56,1,0,12,10,54.5,
63,4/7/18,63,32-257,BOS_C,,OTT,W,0,1,1,-1,0,0,0,0,0,0,1,0,3,0,22,17:41,0,0,12,8,60,
64,4/8/18,64,32-258,BOS_C,,FLA,L,0,1,1,-1,0,0,0,0,0,0,1,0,7,0,24,22:48,0,0,21,12,63.6,
1,10/20/16,1,31-088,BOS_C,,NJD,W,1,0,1,2,2,1,0,0,1,0,0,0,2,50,22,16:49,0,0,13,11,54.2,
2,10/22/16,2,31-090,BOS_C,,MTL,L,0,0,0,-1,0,0,0,0,0,0,0,0,0,,25,22:27,0,1,10,12,45.5,
3,10/25/16,3,31-093,BOS_C,,MIN,L,0,0,0,-1,0,0,0,0,0,0,0,0,6,0,24,17:28,0,2,14,8,63.6,
4,10/26/16,4,31-094,BOS_C,@,NYR,L,0,0,0,0,0,0,0,0,0,0,0,0,1,0,24,17:13,2,1,20,8,71.4,
5,10/29/16,5,31-097,BOS_C,@,DET,W,0,0,0,0,0,0,0,0,0,0,0,0,6,0,28,17:13,1,0,16,9,64,
6,11/1/16,6,31-100,BOS_C,@,FLA,W,0,0,0,-1,0,0,0,0,0,0,0,0,1,0,26,18:43,1,0,14,10,58.3,
7,11/3/16,7,31-102,BOS_C,@,TBL,W,0,2,2,2,0,0,0,0,0,2,0,0,5,0,28,23:37,3,3,21,18,53.8,
8,11/5/16,8,31-104,BOS_C,,NYR,L,1,0,1,-1,0,1,0,0,0,0,0,0,7,14.3,20,16:52,0,0,12,9,57.1,
9,11/7/16,9,31-106,BOS_C,,BUF,W,0,0,0,0,0,0,0,0,0,0,0,0,6,0,20,19:06,2,2,9,8,52.9,
10,11/8/16,10,31-107,BOS_C,@,MTL,L,0,0,0,0,0,0,0,0,0,0,0,0,5,0,23,19:25,2,1,12,11,52.2,
11,11/10/16,11,31-109,BOS_C,,CBJ,W,0,0,0,-1,0,0,0,0,0,0,0,0,4,0,22,14:22,0,0,10,4,71.4,
12,11/12/16,12,31-111,BOS_C,@,ARI,W,0,0,0,1,2,0,0,0,0,0,0,0,2,0,24,16:33,0,0,19,5,79.2,
13,11/13/16,13,31-112,BOS_C,@,COL,W,0,0,0,0,0,0,0,0,0,0,0,0,3,0,25,19:13,0,0,11,14,44,
14,11/17/16,14,31-116,BOS_C,@,MIN,L,0,0,0,-1,0,0,0,0,0,0,0,0,5,0,24,18:24,0,1,8,11,42.1,
15,11/19/16,15,31-118,BOS_C,,WPG,W,1,0,1,1,0,0,1,0,0,0,0,0,6,16.7,22,18:37,0,0,16,5,76.2,
16,11/22/16,16,31-121,BOS_C,,STL,L,0,0,0,-1,0,0,0,0,0,0,0,0,5,0,23,18:30,0,1,14,10,58.3,
17,11/24/16,17,31-123,BOS_C,@,OTT,L,0,0,0,-1,0,0,0,0,0,0,0,0,1,0,23,18:04,1,0,11,10,52.4,
18,11/25/16,18,31-124,BOS_C,,CGY,L,0,0,0,0,0,0,0,0,0,0,0,0,3,0,25,22:04,1,1,22,14,61.1,
19,11/27/16,19,31-126,BOS_C,,TBL,W,0,1,1,1,0,0,0,0,0,0,1,0,2,0,22,15:18,0,0,11,4,73.3,
20,11/29/16,20,31-128,BOS_C,@,PHI,L-SO,0,0,0,0,0,0,0,0,0,0,0,0,2,0,33,22:14,2,2,18,12,60,
21,12/1/16,21,31-130,BOS_C,,CAR,W,0,0,0,1,0,0,0,0,0,0,0,0,3,0,25,20:03,1,0,14,5,73.7,
22,12/3/16,22,31-132,BOS_C,@,BUF,W,1,0,1,1,2,1,0,0,1,0,0,0,2,50,27,18:56,1,0,11,21,34.4,
23,12/5/16,23,31-134,BOS_C,,FLA,W,0,1,1,0,0,0,0,0,0,1,0,0,3,0,24,19:33,0,0,15,8,65.2,
24,12/7/16,24,31-136,BOS_C,@,WSH,L-OT,0,0,0,1,2,0,0,0,0,0,0,0,2,0,25,19:11,0,0,10,7,58.8,
25,12/8/16,25,31-137,BOS_C,,COL,L,0,0,0,0,0,0,0,0,0,0,0,0,2,0,21,17:18,0,1,6,10,37.5,
26,12/10/16,26,31-139,BOS_C,,TOR,L,0,0,0,-2,0,0,0,0,0,0,0,0,3,0,21,18:23,1,0,9,8,52.9,
27,12/12/16,27,31-141,BOS_C,@,MTL,W,0,0,0,-1,0,0,0,0,0,0,0,0,5,0,28,18:50,0,0,11,11,50,
28,12/14/16,28,31-143,BOS_C,@,PIT,L-OT,0,1,1,1,0,0,0,0,0,1,0,0,2,0,24,21:16,1,0,17,8,68,
29,12/15/16,29,31-144,BOS_C,,ANA,L,0,0,0,1,0,0,0,0,0,0,0,0,3,0,25,25:31:00,2,3,10,16,38.5,
30,12/18/16,30,31-147,BOS_C,,LAK,W,0,0,0,0,0,0,0,0,0,0,0,0,6,0,23,20:58,2,0,12,10,54.5,
31,12/20/16,31,31-149,BOS_C,,NYI,L,0,0,0,-2,0,0,0,0,0,0,0,0,5,0,21,20:41,2,2,13,3,81.3,
32,12/22/16,32,31-151,BOS_C,@,FLA,W,1,0,1,0,0,0,1,0,1,0,0,0,2,50,28,20:30,1,0,12,9,57.1,
33,12/23/16,33,31-152,BOS_C,@,CAR,L-OT,0,0,0,0,0,0,0,0,0,0,0,0,5,0,25,21:01,0,0,14,7,66.7,
34,12/27/16,34,31-156,BOS_C,@,CBJ,L,0,0,0,0,0,0,0,0,0,0,0,0,1,0,23,19:38,0,0,12,12,50,
35,12/29/16,35,31-158,BOS_C,@,BUF,W,1,0,1,1,0,1,0,0,0,0,0,0,6,16.7,29,21:49,1,2,14,14,50,
36,12/31/16,36,31-160,BOS_C,,BUF,W,1,0,1,0,0,0,1,0,1,0,0,0,5,20,23,19:08,1,0,15,9,62.5,
37,1/2/17,37,31-162,BOS_C,@,NJD,L,0,0,0,-1,0,0,0,0,0,0,0,0,3,0,23,18:30,1,1,11,10,52.4,
38,1/5/17,38,31-165,BOS_C,,EDM,L,1,1,2,-2,0,1,0,0,0,0,1,0,7,14.3,26,21:46,1,0,18,6,75,
39,1/7/17,39,31-167,BOS_C,@,FLA,W,0,0,0,1,0,0,0,0,0,0,0,0,7,0,22,18:15,0,0,13,8,61.9,
40,1/8/17,40,31-168,BOS_C,@,CAR,L-OT,0,1,1,1,2,0,0,0,0,1,0,0,2,0,22,17:50,0,3,7,7,50,
41,1/10/17,41,31-170,BOS_C,@,STL,W,0,2,2,2,0,0,0,0,0,2,0,0,8,0,29,20:56,2,0,15,14,51.7,
42,1/12/17,42,31-172,BOS_C,@,NSH,L,0,0,0,-1,0,0,0,0,0,0,0,0,4,0,22,18:26,1,1,11,8,57.9,
43,1/14/17,43,31-174,BOS_C,,PHI,W,1,0,1,4,0,0,1,0,1,0,0,0,3,33.3,25,20:03,0,0,13,6,68.4,
44,1/16/17,44,31-176,BOS_C,,NYI,L,0,0,0,-3,0,0,0,0,0,0,0,0,3,0,22,19:09,0,1,14,9,60.9,
45,1/18/17,45,31-178,BOS_C,@,DET,L-SO,1,2,3,0,0,0,1,0,0,1,0,1,2,50,30,19:58,2,0,19,6,76,
46,1/20/17,46,31-180,BOS_C,,CHI,L,0,0,0,0,0,0,0,0,0,0,0,0,1,0,25,19:13,0,0,15,7,68.2,
47,1/22/17,47,31-182,BOS_C,@,PIT,L,0,0,0,0,0,0,0,0,0,0,0,0,7,0,22,18:21,0,0,10,10,50,
48,1/24/17,48,31-184,BOS_C,,DET,W,0,1,1,1,0,0,0,0,0,1,0,0,5,0,27,20:45,1,0,13,8,61.9,
49,1/26/17,49,31-186,BOS_C,,PIT,W,1,1,2,1,2,0,1,0,1,0,0,1,5,20,30,22:33,2,0,23,6,79.3,
50,1/31/17,50,31-191,BOS_C,@,TBL,W,1,0,1,0,0,1,0,0,0,0,0,0,2,50,29,18:45,0,2,15,16,48.4,
51,2/1/17,51,31-192,BOS_C,@,WSH,L,0,1,1,-2,0,0,0,0,0,0,1,0,3,0,19,16:24,0,1,9,7,56.3,
52,2/4/17,52,31-195,BOS_C,,TOR,L,1,2,3,1,0,0,1,0,0,2,0,0,7,14.3,28,21:08,1,0,21,10,67.7,
53,2/9/17,53,31-200,BOS_C,,SJS,W,1,3,4,1,0,1,0,0,0,1,2,0,2,50,23,19:16,0,0,14,9,60.9,
54,2/11/17,54,31-202,BOS_C,,VAN,W,0,0,0,0,0,0,0,0,0,0,0,0,2,0,26,19:16,1,1,11,10,52.4,
55,2/12/17,55,31-203,BOS_C,,MTL,W,0,0,0,0,2,0,0,0,0,0,0,0,4,0,27,19:41,0,0,13,8,61.9,
56,2/19/17,56,31-210,BOS_C,@,SJS,W,0,1,1,1,0,0,0,0,0,1,0,0,3,0,26,18:51,0,0,12,12,50,
57,2/22/17,57,31-213,BOS_C,@,ANA,L,0,0,0,0,2,0,0,0,0,0,0,0,7,0,26,18:33,2,0,14,11,56,
58,2/23/17,58,31-214,BOS_C,@,LAK,W,0,1,1,2,0,0,0,0,0,0,1,0,4,0,25,18:28,2,2,16,9,64,
59,2/26/17,59,31-217,BOS_C,@,DAL,W,2,1,3,3,0,2,0,0,1,1,0,0,5,40,26,17:16,0,2,16,6,72.7,
60,2/28/17,60,31-219,BOS_C,,ARI,W,0,2,2,2,0,0,0,0,0,1,0,1,1,0,24,17:35,1,0,12,9,57.1,
61,3/2/17,61,31-221,BOS_C,,NYR,L,0,0,0,1,0,0,0,0,0,0,0,0,5,0,22,18:58,2,1,14,10,58.3,
62,3/4/17,62,31-223,BOS_C,,NJD,W,0,2,2,-1,0,0,0,0,0,1,1,0,6,0,23,20:31,1,0,15,11,57.7,
63,3/6/17,63,31-225,BOS_C,@,OTT,L,1,0,1,-1,0,1,0,0,0,0,0,0,6,16.7,22,18:34,0,0,11,9,55,
64,3/8/17,64,31-227,BOS_C,,DET,W,0,0,0,2,0,0,0,0,0,0,0,0,2,0,20,17:17,0,0,13,7,65,
65,3/11/17,65,31-230,BOS_C,,PHI,W,0,1,1,-1,0,0,0,0,0,0,1,0,4,0,22,21:51,1,0,18,10,64.3,
66,3/13/17,66,31-232,BOS_C,@,VAN,W,0,2,2,2,0,0,0,0,0,2,0,0,6,0,26,19:58,0,1,17,9,65.4,
67,3/15/17,67,31-234,BOS_C,@,CGY,W,0,1,1,-1,2,0,0,0,0,1,0,0,3,0,24,19:45,0,2,18,4,81.8,
68,3/16/17,68,31-235,BOS_C,@,EDM,L,0,1,1,1,0,0,0,0,0,1,0,0,3,0,28,21:59,0,1,13,12,52,
69,3/20/17,69,31-239,BOS_C,@,TOR,L,0,0,0,-1,4,0,0,0,0,0,0,0,4,0,22,17:43,1,0,13,5,72.2,
70,3/21/17,70,31-240,BOS_C,,OTT,L,0,0,0,-2,0,0,0,0,0,0,0,0,4,0,26,22:24,1,1,22,13,62.9,
71,3/23/17,71,31-242,BOS_C,,TBL,L,0,1,1,-2,2,0,0,0,0,0,1,0,3,0,26,20:18,0,1,21,7,75,
72,3/25/17,72,31-244,BOS_C,@,NYI,W,0,0,0,0,0,0,0,0,0,0,0,0,1,0,25,21:35,1,0,13,11,54.2,
73,3/28/17,73,31-247,BOS_C,,NSH,W,1,0,1,2,0,1,0,0,0,0,0,0,7,14.3,22,18:46,0,2,8,10,44.4,
74,3/30/17,74,31-249,BOS_C,,DAL,W,0,0,0,1,0,0,0,0,0,0,0,0,1,0,22,18:37,1,0,13,12,52,
75,4/1/17,75,31-251,BOS_C,,FLA,W,2,0,2,2,0,2,0,0,0,0,0,0,5,40,27,20:04,1,0,7,13,35,
76,4/2/17,76,31-252,BOS_C,@,CHI,W,1,0,1,0,0,0,1,0,0,0,0,0,5,20,27,21:32,0,0,21,10,67.7,
77,4/4/17,77,31-254,BOS_C,,TBL,W,0,0,0,0,0,0,0,0,0,0,0,0,6,0,23,19:06,0,0,17,0,100,
78,4/6/17,78,31-256,BOS_C,,OTT,L-SO,0,0,0,0,0,0,0,0,0,0,0,0,3,0,27,19:24,0,1,9,4,69.2,
79,4/8/17,79,31-258,BOS_C,,WSH,L,0,0,0,-1,0,0,0,0,0,0,0,0,4,0,25,20:07,0,0,12,2,85.7,
1,10/8/15,1,30-076,BOS_C,,WPG,L,0,0,0,-2,2,0,0,0,0,0,0,0,1,0,24,15:47,1,0,11,7,61.1,
2,10/10/15,2,30-078,BOS_C,,MTL,L,1,0,1,0,0,0,1,0,0,0,0,0,3,33.3,25,18:44,1,0,12,16,42.9,
3,10/12/15,3,30-080,BOS_C,,TBL,L,0,1,1,-1,4,0,0,0,0,0,1,0,1,0,27,17:45,0,0,14,9,60.9,
4,10/14/15,4,30-082,BOS_C,@,COL,W,0,0,0,0,0,0,0,0,0,0,0,0,4,0,23,18:13,0,1,9,7,56.3,
5,10/17/15,5,30-085,BOS_C,@,ARI,W,2,1,3,1,0,0,2,0,1,0,0,1,8,25,29,22:09,1,1,18,12,60,
6,10/21/15,6,30-089,BOS_C,,PHI,L-OT,1,1,2,0,0,0,1,0,0,1,0,0,2,50,31,20:10,2,0,12,14,46.2,
7,10/23/15,7,30-091,BOS_C,@,NYI,W,0,1,1,1,0,0,0,0,0,1,0,0,3,0,30,20:50,2,0,15,9,62.5,
8,10/27/15,8,30-095,BOS_C,,ARI,W,0,1,1,1,0,0,0,0,0,1,0,0,2,0,26,19:51,0,0,17,14,54.8,
9,10/30/15,9,30-098,BOS_C,@,FLA,W,0,1,1,1,0,0,0,0,0,0,1,0,1,0,27,19:15,2,1,17,12,58.6,
10,10/31/15,10,30-099,BOS_C,@,TBL,W,0,0,0,1,0,0,0,0,0,0,0,0,1,0,26,21:14,1,0,12,12,50,
11,11/3/15,11,30-102,BOS_C,,DAL,L,0,1,1,-1,0,0,0,0,0,0,1,0,6,0,25,20:33,0,0,15,11,57.7,
12,11/5/15,12,30-104,BOS_C,@,WSH,L,0,0,0,0,0,0,0,0,0,0,0,0,5,0,23,18:42,2,1,14,13,51.9,
13,11/7/15,13,30-106,BOS_C,@,MTL,L,0,1,1,-1,0,0,0,0,0,0,1,0,2,0,26,18:17,1,0,15,13,53.6,
14,11/8/15,14,30-107,BOS_C,@,NYI,W,1,1,2,1,4,1,0,0,1,0,1,0,7,14.3,28,21:05,1,1,20,12,62.5,
15,11/12/15,15,30-111,BOS_C,,COL,L,0,1,1,0,0,0,0,0,0,0,1,0,5,0,27,21:45,3,2,17,16,51.5,
16,11/14/15,16,30-113,BOS_C,,DET,W,1,0,1,1,0,1,0,0,0,0,0,0,4,25,25,19:18,0,2,13,7,65,
17,11/17/15,17,30-116,BOS_C,,SJS,L,1,0,1,-2,0,0,1,0,0,0,0,0,3,33.3,27,19:57,0,0,15,13,53.6,
18,11/19/15,18,30-118,BOS_C,,MIN,W,0,1,1,1,0,0,0,0,0,0,1,0,3,0,22,20:48,0,1,7,5,58.3,
19,11/21/15,19,30-120,BOS_C,,TOR,W,0,1,1,1,0,0,0,0,0,1,0,0,2,0,26,19:29,2,1,13,7,65,
20,11/23/15,20,30-122,BOS_C,@,TOR,W,0,1,1,3,2,0,0,0,0,0,0,1,3,0,35,22:47,2,0,14,22,38.9,
21,11/25/15,21,30-124,BOS_C,@,DET,W,0,0,0,-2,0,0,0,0,0,0,0,0,2,0,29,21:56,1,1,6,12,33.3,
22,11/27/15,22,30-126,BOS_C,,NYR,W,1,1,2,1,0,1,0,0,0,0,1,0,6,16.7,29,19:59,1,1,12,11,52.2,
23,12/2/15,23,30-131,BOS_C,@,EDM,L-SO,0,1,1,1,2,0,0,0,0,1,0,0,1,0,28,21:40,0,1,13,14,48.1,
24,12/4/15,24,30-133,BOS_C,@,CGY,L-OT,0,0,0,1,0,0,0,0,0,0,0,0,6,0,32,19:50,0,0,14,7,66.7,
25,12/5/15,25,30-134,BOS_C,@,VAN,W,0,1,1,2,0,0,0,0,0,1,0,0,1,0,27,18:45,1,0,10,11,47.6,
26,12/7/15,26,30-136,BOS_C,,NSH,L,0,1,1,0,2,0,0,0,0,0,1,0,1,0,27,20:17,2,2,23,8,74.2,
27,12/9/15,27,30-138,BOS_C,@,MTL,W,1,0,1,0,0,1,0,0,0,0,0,0,5,20,29,20:53,3,2,18,14,56.3,
28,12/12/15,28,30-141,BOS_C,,FLA,W,0,2,2,1,2,0,0,0,0,1,1,0,3,0,24,19:35,2,0,11,4,73.3,
29,12/14/15,29,30-143,BOS_C,,EDM,L-OT,0,1,1,1,0,0,0,0,0,1,0,0,6,0,23,19:05,0,1,15,11,57.7,
30,12/16/15,30,30-145,BOS_C,,PIT,W,0,1,1,0,0,0,0,0,0,0,1,0,0,,26,19:15,1,0,14,7,66.7,
31,12/18/15,31,30-147,BOS_C,@,PIT,W,2,0,2,0,2,1,0,1,0,0,0,0,4,50,28,19:57,2,0,14,13,51.9,
32,12/20/15,32,30-149,BOS_C,,NJD,W,0,0,0,0,0,0,0,0,0,0,0,0,6,0,26,20:15,4,0,21,10,67.7,
33,12/22/15,33,30-151,BOS_C,,STL,L,0,0,0,-1,0,0,0,0,0,0,0,0,3,0,26,20:08,0,1,11,11,50,
34,12/26/15,34,30-155,BOS_C,,BUF,L,1,0,1,-2,0,1,0,0,0,0,0,0,3,33.3,23,21:00,0,1,17,8,68,
35,12/27/15,35,30-156,BOS_C,@,OTT,L,0,0,0,-2,0,0,0,0,0,0,0,0,4,0,24,20:12,1,0,13,7,65,
36,12/29/15,36,30-158,BOS_C,,OTT,W,2,0,2,-1,0,0,2,0,1,0,0,0,5,40,25,20:34,0,0,17,11,60.7,
37,1/1/16,37,30-161,BOS_C,,MTL,L,0,0,0,0,0,0,0,0,0,0,0,0,4,0,25,23:30,1,1,16,13,55.2,
38,1/5/16,38,30-165,BOS_C,,WSH,L,1,1,2,1,2,0,1,0,0,1,0,0,2,50,25,20:22,1,0,14,6,70,
39,1/8/16,39,30-168,BOS_C,@,NJD,W,0,0,0,0,0,0,0,0,0,0,0,0,4,0,23,17:58,1,0,12,6,66.7,
40,1/9/16,40,30-169,BOS_C,@,OTT,L-OT,0,1,1,1,0,0,0,0,0,1,0,0,6,0,28,21:38,1,2,12,15,44.4,
41,1/11/16,41,30-171,BOS_C,@,NYR,L,0,0,0,-1,0,0,0,0,0,0,0,0,5,0,24,18:15,1,0,12,9,57.1,
42,1/13/16,42,30-173,BOS_C,@,PHI,L,0,0,0,0,2,0,0,0,0,0,0,0,2,0,23,18:11,1,1,12,7,63.2,
43,1/15/16,43,30-175,BOS_C,@,BUF,W,0,0,0,1,0,0,0,0,0,0,0,0,3,0,24,18:34,0,1,12,10,54.5,
44,1/16/16,44,30-176,BOS_C,,TOR,W,2,0,2,2,0,2,0,0,0,0,0,0,5,40,25,20:35,2,1,16,12,57.1,
45,1/19/16,45,30-179,BOS_C,@,MTL,W,1,0,1,2,2,1,0,0,1,0,0,0,5,20,28,21:48,3,1,15,13,53.6,
46,1/21/16,46,30-181,BOS_C,,VAN,L,0,1,1,-1,0,0,0,0,0,1,0,0,3,0,21,17:43,3,0,13,6,68.4,
47,1/23/16,47,30-183,BOS_C,,CBJ,W,0,1,1,1,0,0,0,0,0,1,0,0,5,0,25,23:56,0,2,12,9,57.1,
48,1/25/16,48,30-185,BOS_C,@,PHI,W,1,0,1,1,0,0,1,0,0,0,0,0,4,25,28,21:13,0,2,13,18,41.9,
49,1/26/16,49,30-186,BOS_C,,ANA,L,0,0,0,-1,2,0,0,0,0,0,0,0,3,0,26,19:57,0,0,17,7,70.8,
50,2/2/16,50,30-193,BOS_C,,TOR,L-OT,0,0,0,-2,0,0,0,0,0,0,0,0,2,0,27,21:03,0,0,19,7,73.1,
51,2/4/16,51,30-195,BOS_C,@,BUF,W,0,1,1,1,2,0,0,0,0,1,0,0,1,0,26,21:15,2,1,12,10,54.5,
52,2/6/16,52,30-197,BOS_C,,BUF,W,0,0,0,-1,0,0,0,0,0,0,0,0,5,0,28,20:53,0,0,10,10,50,
53,2/9/16,53,30-200,BOS_C,,LAK,L,0,0,0,-1,2,0,0,0,0,0,0,0,5,0,23,17:21,1,0,10,12,45.5,
54,2/11/16,54,30-202,BOS_C,@,WPG,W,2,0,2,3,5,2,0,0,0,0,0,0,9,22.2,24,14:25,0,0,14,12,53.8,
55,2/16/16,55,30-207,BOS_C,@,CBJ,W,1,0,1,1,0,1,0,0,0,0,0,0,4,25,25,19:44,0,0,20,8,71.4,
56,2/18/16,56,30-209,BOS_C,@,NSH,L,0,0,0,-1,0,0,0,0,0,0,0,0,1,0,25,21:55,0,0,19,14,57.6,
57,2/20/16,57,30-211,BOS_C,@,DAL,W,0,2,2,-1,0,0,0,0,0,2,0,0,0,,28,17:29,0,1,16,14,53.3,
58,2/22/16,58,30-213,BOS_C,,CBJ,L,0,0,0,-1,2,0,0,0,0,0,0,0,1,0,26,20:49,0,0,17,8,68,
59,2/24/16,59,30-215,BOS_C,,PIT,W,0,1,1,1,0,0,0,0,0,1,0,0,2,0,25,17:09,1,0,13,12,52,
60,2/26/16,60,30-217,BOS_C,@,CAR,W,1,1,2,2,0,1,0,0,0,1,0,0,4,25,25,18:26,2,3,17,14,54.8,
61,2/28/16,61,30-219,BOS_C,,TBL,L,0,0,0,-1,2,0,0,0,0,0,0,0,2,0,24,20:10,0,1,12,10,54.5,
62,3/1/16,62,30-221,BOS_C,,CGY,W,1,0,1,0,0,0,1,0,1,0,0,0,3,33.3,27,21:13,0,2,16,12,57.1,
63,3/3/16,63,30-223,BOS_C,,CHI,W,1,1,2,2,0,1,0,0,0,0,1,0,3,33.3,24,16:16,0,1,7,7,50,
64,3/5/16,64,30-225,BOS_C,,WSH,L-OT,1,0,1,0,0,1,0,0,0,0,0,0,7,14.3,23,21:13,0,2,14,7,66.7,
65,3/7/16,65,30-227,BOS_C,@,FLA,W,2,0,2,2,0,2,0,0,0,0,0,0,6,33.3,29,20:46,2,0,14,8,63.6,
66,3/8/16,66,30-228,BOS_C,@,TBL,W,0,1,1,1,0,0,0,0,0,1,0,0,1,0,26,16:18,2,1,10,6,62.5,
67,3/10/16,67,30-230,BOS_C,,CAR,L-OT,0,1,1,-1,4,0,0,0,0,0,1,0,1,0,25,18:50,1,2,9,5,64.3,
68,3/12/16,68,30-232,BOS_C,,NYI,W,0,0,0,0,0,0,0,0,0,0,0,0,3,0,25,19:08,1,3,12,10,54.5,
69,3/15/16,69,30-235,BOS_C,@,SJS,L,0,0,0,0,0,0,0,0,0,0,0,0,4,0,26,17:46,1,1,14,13,51.9,
70,3/18/16,70,30-238,BOS_C,@,ANA,L,0,0,0,-2,0,0,0,0,0,0,0,0,7,0,24,17:10,1,1,10,8,55.6,
71,3/19/16,71,30-239,BOS_C,@,LAK,L,0,0,0,0,0,0,0,0,0,0,0,0,4,0,28,21:33,0,0,17,9,65.4,
72,3/23/16,72,30-243,BOS_C,@,NYR,L,0,1,1,-1,2,0,0,0,0,1,0,0,6,0,25,18:34,4,0,17,8,68,
73,3/24/16,73,30-244,BOS_C,,FLA,L,0,0,0,-1,0,0,0,0,0,0,0,0,2,0,25,24:00:00,1,1,19,16,54.3,
74,3/26/16,74,30-246,BOS_C,@,TOR,W,1,0,1,0,0,0,1,0,0,0,0,0,2,50,26,18:26,2,1,13,13,50,
75,3/29/16,75,30-249,BOS_C,@,NJD,L,0,0,0,1,2,0,0,0,0,0,0,0,5,0,22,19:17,0,0,17,12,58.6,
76,4/1/16,76,30-252,BOS_C,@,STL,W,1,0,1,0,0,0,1,0,1,0,0,0,2,50,27,20:13,1,2,13,17,43.3,
77,4/3/16,77,30-254,BOS_C,@,CHI,L,2,1,3,2,0,2,0,0,0,1,0,0,7,28.6,26,18:49,0,1,14,11,56,
78,4/5/16,78,30-256,BOS_C,,CAR,L-SO,0,0,0,0,0,0,0,0,0,0,0,0,3,0,28,23:32,2,0,21,9,70,
79,4/7/16,79,30-258,BOS_C,,DET,W,0,1,1,1,0,0,0,0,0,1,0,0,3,0,28,19:21,0,0,12,10,54.5,
80,4/9/16,80,30-260,BOS_C,,OTT,L,0,0,0,-2,0,0,0,0,0,0,0,0,4,0,27,20:03,0,0,17,15,53.1,
1,10/3/13,1,28-071,BOS_C,,TBL,W,1,0,1,1,0,0,0,1,0,,,,2,50,29,20:02,1,1,16,11,59.3,
2,10/5/13,2,28-073,BOS_C,,DET,W,0,0,0,0,0,0,0,0,0,,,,0,,21,15:51,0,1,8,11,42.1,
3,10/10/13,3,28-078,BOS_C,,COL,L,0,0,0,-1,2,0,0,0,0,,,,4,0,23,18:24,0,1,9,11,45,
4,10/12/13,4,28-080,BOS_C,@,CBJ,W,0,1,1,1,2,0,0,0,0,,,,1,0,27,20:19,1,0,14,7,66.7,
5,10/14/13,5,28-082,BOS_C,,DET,L,0,0,0,0,0,0,0,0,0,,,,1,0,22,16:30,0,1,10,6,62.5,
6,10/17/13,6,28-085,BOS_C,@,FLA,W,0,1,1,1,0,0,0,0,0,,,,2,0,26,18:35,0,0,13,9,59.1,
7,10/19/13,7,28-087,BOS_C,@,TBL,W,1,0,1,1,0,1,0,0,0,,,,6,16.7,30,20:25,0,0,13,12,52,
8,10/23/13,8,28-091,BOS_C,@,BUF,W,0,0,0,0,0,0,0,0,0,,,,4,0,23,16:59,0,0,12,6,66.7,
9,10/24/13,9,28-092,BOS_C,,SJS,W,0,0,0,0,0,0,0,0,0,,,,4,0,24,18:06,1,1,13,2,86.7,
10,10/26/13,10,28-094,BOS_C,,NJD,L,0,0,0,0,2,0,0,0,0,,,,1,0,27,18:38,1,1,14,8,63.6,
11,10/30/13,11,28-098,BOS_C,@,PIT,L,1,1,2,1,0,1,0,0,0,,,,5,20,25,17:33,0,0,13,7,65,
12,10/31/13,12,28-099,BOS_C,,ANA,W,0,0,0,-1,2,0,0,0,0,,,,1,0,25,18:36,1,0,11,6,64.7,
13,11/2/13,13,28-101,BOS_C,@,NYI,L,0,0,0,-1,0,0,0,0,0,,,,5,0,25,18:01,0,0,11,7,61.1,
14,11/5/13,14,28-104,BOS_C,,DAL,L-SO,0,0,0,0,0,0,0,0,0,,,,7,0,29,22:35,0,1,11,9,55,
15,11/7/13,15,28-106,BOS_C,,FLA,W,0,0,0,0,2,0,0,0,0,,,,3,0,22,15:06,1,0,9,10,47.4,
16,11/9/13,16,28-108,BOS_C,,TOR,W,2,0,2,1,0,1,1,0,1,,,,4,50,27,18:20,1,1,14,9,60.9,
17,11/11/13,17,28-110,BOS_C,,TBL,W,1,0,1,1,0,1,0,0,1,,,,3,33.3,23,16:45,2,0,8,10,44.4,
18,11/14/13,18,28-113,BOS_C,,CBJ,W,0,1,1,1,0,0,0,0,0,,,,2,0,26,19:08,2,1,11,8,57.9,
19,11/15/13,19,28-114,BOS_C,@,OTT,L,0,1,1,2,0,0,0,0,0,,,,3,0,27,17:16,1,1,13,10,56.5,
20,11/18/13,20,28-117,BOS_C,@,CAR,W,0,0,0,-1,0,0,0,0,0,,,,2,0,25,20:03,0,0,13,9,59.1,
21,11/19/13,21,28-118,BOS_C,@,NYR,W,0,0,0,0,0,0,0,0,0,,,,3,0,26,19:13,2,2,18,5,78.3,
22,11/21/13,22,28-120,BOS_C,,STL,L-SO,0,0,0,0,0,0,0,0,0,,,,3,0,25,19:03,2,1,10,11,47.6,
23,11/23/13,23,28-122,BOS_C,,CAR,W,0,0,0,0,0,0,0,0,0,,,,1,0,24,17:31,3,1,14,8,63.6,
24,11/25/13,24,28-124,BOS_C,,PIT,W,0,0,0,0,0,0,0,0,0,,,,3,0,25,18:12,1,0,14,7,66.7,
25,11/27/13,25,28-126,BOS_C,@,DET,L,0,0,0,0,0,0,0,0,0,,,,0,,23,16:51,0,0,15,7,68.2,
26,11/29/13,26,28-128,BOS_C,,NYR,W,1,0,1,1,0,1,0,0,0,,,,3,33.3,22,15:04,0,1,11,5,68.8,
27,11/30/13,27,28-129,BOS_C,,CBJ,W,1,0,1,1,0,1,0,0,0,,,,1,100,20,16:26,1,1,14,5,73.7,
28,12/5/13,28,28-134,BOS_C,@,MTL,L,0,0,0,0,0,0,0,0,0,,,,4,0,27,19:14,0,0,12,16,42.9,
29,12/7/13,29,28-136,BOS_C,,PIT,W,0,1,1,3,0,0,0,0,0,,,,2,0,27,22:49,0,1,17,10,63,
30,12/8/13,30,28-137,BOS_C,@,TOR,W,1,1,2,0,2,1,0,0,0,,,,5,20,25,18:38,0,1,12,10,54.5,
31,12/10/13,31,28-139,BOS_C,@,CGY,W,0,0,0,-1,0,0,0,0,0,,,,0,,21,15:03,1,2,16,2,88.9,
32,12/12/13,32,28-141,BOS_C,@,EDM,W,0,1,1,0,0,0,0,0,0,,,,2,0,26,18:07,2,2,7,10,41.2,
33,12/14/13,33,28-143,BOS_C,@,VAN,L,0,0,0,1,0,0,0,0,0,,,,7,0,24,17:17,0,1,12,9,57.1,
34,12/17/13,34,28-146,BOS_C,,CGY,W,0,0,0,0,2,0,0,0,0,,,,4,0,23,18:03,0,1,18,7,72,
35,12/19/13,35,28-148,BOS_C,@,BUF,L,0,1,1,1,4,0,0,0,0,,,,2,0,23,17:36,1,2,14,8,63.6,
36,12/21/13,36,28-150,BOS_C,,BUF,W,0,1,1,1,7,0,0,0,0,,,,2,0,23,16:29,0,1,16,5,76.2,
37,12/23/13,37,28-152,BOS_C,@,NSH,W,0,0,0,1,2,0,0,0,0,,,,4,0,30,19:04,0,3,18,10,64.3,
38,12/27/13,38,28-156,BOS_C,,OTT,W,0,2,2,3,0,0,0,0,0,,,,4,0,24,16:01,0,2,14,10,58.3,
39,12/28/13,39,28-157,BOS_C,@,OTT,L,0,1,1,0,0,0,0,0,0,,,,2,0,27,22:39,1,2,18,8,69.2,
40,12/31/13,40,28-160,BOS_C,,NYI,L,1,0,1,-1,0,0,1,0,0,,,,4,25,30,20:08,2,0,23,8,74.2,
41,1/2/14,41,28-162,BOS_C,,NSH,W,0,1,1,0,0,0,0,0,0,,,,1,0,28,21:09,1,1,17,9,65.4,
42,1/4/14,42,28-164,BOS_C,,WPG,W,0,1,1,1,0,0,0,0,0,,,,1,0,23,17:26,0,0,16,5,76.2,
43,1/7/14,43,28-167,BOS_C,@,ANA,L,0,0,0,-1,0,0,0,0,0,,,,4,0,26,18:01,0,0,8,11,42.1,
44,1/9/14,44,28-169,BOS_C,@,LAK,L,0,0,0,-1,0,0,0,0,0,,,,1,0,27,18:42,1,2,14,12,53.8,
45,1/11/14,45,28-171,BOS_C,@,SJS,W,0,0,0,0,0,0,0,0,0,,,,1,0,24,18:52,2,0,11,16,40.7,
46,1/14/14,46,28-174,BOS_C,,TOR,L,1,1,2,2,0,1,0,0,0,,,,3,33.3,24,18:52,0,1,16,13,55.2,
47,1/16/14,47,28-176,BOS_C,@,DAL,W,1,1,2,2,0,1,0,0,0,,,,3,33.3,25,19:10,2,1,12,15,44.4,
48,1/19/14,48,28-179,BOS_C,@,CHI,L-SO,0,1,1,1,0,0,0,0,0,,,,3,0,25,21:00,0,0,10,8,55.6,
49,1/20/14,49,28-180,BOS_C,,LAK,W,0,2,2,1,2,0,0,0,0,,,,1,0,25,17:23,0,0,9,7,56.3,
50,1/25/14,50,28-185,BOS_C,@,PHI,W,1,0,1,2,0,1,0,0,0,,,,3,33.3,25,16:53,2,1,16,9,64,
51,1/27/14,51,28-187,BOS_C,@,NYI,W,1,1,2,1,2,1,0,0,0,,,,4,25,26,15:51,0,1,12,14,46.2,
52,1/28/14,52,28-188,BOS_C,,FLA,W,0,0,0,0,0,0,0,0,0,,,,2,0,20,15:04,1,0,15,8,65.2,
53,1/30/14,53,28-190,BOS_C,,MTL,L,0,0,0,-1,0,0,0,0,0,,,,3,0,21,19:00,2,1,11,12,47.8,
54,2/1/14,54,28-192,BOS_C,,EDM,W,0,0,0,0,0,0,0,0,0,,,,2,0,22,16:39,1,0,7,7,50,
55,2/4/14,55,28-195,BOS_C,,VAN,W,0,0,0,0,0,0,0,0,0,,,,3,0,23,19:02,1,0,19,7,73.1,
56,2/6/14,56,28-197,BOS_C,@,STL,L-OT,0,0,0,0,0,0,0,0,0,,,,2,0,26,19:33,0,0,11,10,52.4,
57,2/8/14,57,28-199,BOS_C,,OTT,W,2,1,3,2,0,1,1,0,1,,,,6,33.3,22,17:16,0,1,6,7,46.2,
58,2/26/14,58,28-217,BOS_C,@,BUF,L-OT,0,0,0,1,0,0,0,0,0,,,,1,0,26,18:00,0,0,10,7,58.8,
59,3/1/14,59,28-220,BOS_C,,WSH,L,1,0,1,-1,0,0,1,0,0,,,,2,50,24,18:29,0,0,14,7,66.7,
60,3/2/14,60,28-221,BOS_C,@,NYR,W,0,0,0,0,0,0,0,0,0,,,,2,0,26,18:12,0,0,14,13,51.9,
61,3/4/14,61,28-223,BOS_C,,FLA,W,0,0,0,1,0,0,0,0,0,,,,3,0,25,16:46,0,1,14,9,60.9,
62,3/6/14,62,28-225,BOS_C,,WSH,W,0,1,1,2,0,0,0,0,0,,,,8,0,22,15:09,0,0,6,7,46.2,
63,3/8/14,63,28-227,BOS_C,@,TBL,W,0,0,0,0,0,0,0,0,0,,,,3,0,25,19:54,0,0,11,11,50,
64,3/9/14,64,28-228,BOS_C,@,FLA,W,1,2,3,2,0,0,1,0,1,,,,4,25,29,18:51,2,0,14,14,50,
65,3/12/14,65,28-231,BOS_C,@,MTL,W,1,1,2,2,0,1,0,0,1,,,,3,33.3,22,16:31,0,1,12,14,46.2,
66,3/13/14,66,28-232,BOS_C,,PHX,W,0,0,0,0,0,0,0,0,0,,,,0,,26,18:53,0,1,13,4,76.5,
67,3/15/14,67,28-234,BOS_C,,CAR,W,0,0,0,0,6,0,0,0,0,,,,4,0,23,17:25,0,1,11,6,64.7,
68,3/17/14,68,28-236,BOS_C,,MIN,W,0,1,1,0,0,0,0,0,0,,,,2,0,20,15:31,1,0,9,11,45,
69,3/18/14,69,28-237,BOS_C,@,NJD,W,1,1,2,2,0,1,0,0,0,,,,2,50,26,15:25,1,2,9,10,47.4,
70,3/21/14,70,28-240,BOS_C,@,COL,W,1,0,1,1,0,1,0,0,1,,,,3,33.3,26,16:52,1,0,12,9,57.1,
71,3/22/14,71,28-241,BOS_C,@,PHX,W,1,0,1,1,0,1,0,0,0,,,,3,33.3,22,15:20,1,0,13,8,61.9,
72,3/24/14,72,28-243,BOS_C,,MTL,L-SO,1,0,1,0,0,0,1,0,0,,,,3,33.3,27,19:12,1,2,9,8,52.9,
73,3/27/14,73,28-246,BOS_C,,CHI,W,2,0,2,2,0,2,0,0,1,,,,4,50,26,15:19,1,0,15,6,71.4,
74,3/29/14,74,28-248,BOS_C,@,WSH,W,1,1,2,-1,2,0,1,0,0,,,,5,20,24,16:30,0,1,13,12,52,
75,3/30/14,75,28-249,BOS_C,@,PHI,W,1,0,1,-1,0,1,0,0,0,,,,3,33.3,30,20:00,0,1,16,15,51.6,
76,4/2/14,76,28-252,BOS_C,@,DET,L,0,1,1,-2,2,0,0,0,0,,,,6,0,25,16:40,1,0,10,9,52.6,
77,4/3/14,77,28-253,BOS_C,@,TOR,L-OT,1,1,2,2,0,1,0,0,0,,,,8,12.5,25,18:56,1,1,14,13,51.9,
78,4/5/14,78,28-255,BOS_C,,PHI,W,0,1,1,2,2,0,0,0,0,,,,5,0,24,17:42,0,2,14,4,77.8,
79,4/8/14,79,28-258,BOS_C,@,MIN,L-SO,1,0,1,-1,0,1,0,0,0,,,,8,12.5,33,21:11,0,1,11,16,40.7,
80,4/12/14,80,28-262,BOS_C,,BUF,W,1,0,1,1,0,1,0,0,0,,,,2,50,17,11:57,1,0,12,5,70.6,
1,1/19/13,1,27-179,BOS_C,,NYR,W,0,1,1,0,0,0,0,0,0,,,,5,0,26,17:48,1,0,12,5,70.6,
2,1/21/13,2,27-181,BOS_C,,WPG,W,0,0,0,1,0,0,0,0,0,,,,5,0,29,19:15,1,1,8,9,47.1,
3,1/23/13,3,27-183,BOS_C,@,NYR,L-OT,0,0,0,0,0,0,0,0,0,,,,2,0,23,17:42,0,1,12,3,80,
4,1/25/13,4,27-185,BOS_C,,NYI,W,1,0,1,1,0,1,0,0,0,,,,2,50,23,18:20,3,0,14,5,73.7,
5,1/28/13,5,27-188,BOS_C,@,CAR,W,0,1,1,1,4,0,0,0,0,,,,1,0,28,18:26,0,0,17,8,68,
6,1/29/13,6,27-189,BOS_C,,NJD,W,0,0,0,0,0,0,0,0,0,,,,4,0,30,20:09,0,0,13,10,56.5,
7,1/31/13,7,27-191,BOS_C,,BUF,L,0,2,2,1,0,0,0,0,0,,,,5,0,25,18:29,0,1,13,6,68.4,
8,2/2/13,8,27-193,BOS_C,@,TOR,W,0,0,0,0,0,0,0,0,0,,,,6,0,28,18:35,1,1,12,12,50,
9,2/6/13,9,27-197,BOS_C,@,MTL,W,0,0,0,0,0,0,0,0,0,,,,1,0,25,19:45,2,3,10,6,62.5,
10,2/10/13,10,27-201,BOS_C,@,BUF,W,1,0,1,1,0,0,1,0,1,,,,5,20,22,19:00,0,0,12,7,63.2,
11,2/12/13,11,27-203,BOS_C,,NYR,L-SO,0,1,1,1,0,0,0,0,0,,,,3,0,25,19:54,1,2,14,4,77.8,
12,2/15/13,12,27-206,BOS_C,@,BUF,L,0,0,0,0,0,0,0,0,0,,,,5,0,24,17:08,0,0,15,5,75,
13,2/17/13,13,27-208,BOS_C,@,WPG,W,0,2,2,1,0,0,0,0,0,,,,0,,26,18:10,0,1,7,14,33.3,
14,2/21/13,14,27-212,BOS_C,@,TBL,W,1,1,2,1,0,1,0,0,0,,,,1,100,22,16:02,0,0,9,7,56.3,
15,2/24/13,15,27-215,BOS_C,@,FLA,W,0,0,0,1,0,0,0,0,0,,,,1,0,25,18:41,1,0,9,9,50,
16,2/26/13,16,27-217,BOS_C,@,NYI,W,0,2,2,2,2,0,0,0,0,,,,3,0,25,18:54,0,2,16,10,61.5,
17,2/28/13,17,27-219,BOS_C,,OTT,W,1,0,1,1,0,1,0,0,1,,,,5,20,27,22:17,2,0,17,9,65.4,
18,3/2/13,18,27-221,BOS_C,,TBL,W,0,1,1,0,0,0,0,0,0,,,,4,0,26,22:08,0,0,16,9,64,
19,3/3/13,19,27-222,BOS_C,,MTL,L,1,2,3,3,0,1,0,0,0,,,,4,25,25,19:58,2,0,13,6,68.4,
20,3/5/13,20,27-224,BOS_C,@,WSH,L-OT,0,0,0,-1,0,0,0,0,0,,,,1,0,28,20:04,0,1,10,11,47.6,
21,3/7/13,21,27-226,BOS_C,,TOR,W,1,2,3,3,0,1,0,0,0,,,,3,33.3,25,17:56,1,0,12,8,60,
22,3/9/13,22,27-228,BOS_C,,PHI,W,0,0,0,0,0,0,0,0,0,,,,2,0,24,17:25,2,0,7,5,58.3,
23,3/11/13,23,27-230,BOS_C,@,OTT,W,0,0,0,0,0,0,0,0,0,,,,4,0,28,21:59,0,1,11,11,50,
24,3/12/13,24,27-231,BOS_C,@,PIT,L,0,1,1,1,2,0,0,0,0,,,,1,0,28,20:29,0,2,13,8,61.9,
25,3/14/13,25,27-233,BOS_C,,FLA,W,2,0,2,2,0,2,0,0,1,,,,3,66.7,20,19:30,1,1,18,5,78.3,
26,3/16/13,26,27-235,BOS_C,,WSH,W,0,0,0,0,0,0,0,0,0,,,,2,0,27,18:57,1,0,17,8,68,
27,3/17/13,27,27-236,BOS_C,@,PIT,L,0,1,1,1,2,0,0,0,0,,,,0,,22,20:05,0,0,11,8,57.9,
28,3/19/13,28,27-238,BOS_C,@,WPG,L,0,0,0,-1,0,0,0,0,0,,,,2,0,26,21:05,0,0,15,9,62.5,
29,3/21/13,29,27-240,BOS_C,@,OTT,W,0,1,1,1,0,0,0,0,0,,,,0,,24,20:46,0,0,19,10,65.5,
30,3/23/13,30,27-242,BOS_C,@,TOR,L,0,0,0,0,0,0,0,0,0,,,,2,0,22,19:17,1,1,10,9,52.6,
31,3/25/13,31,27-244,BOS_C,,TOR,W,1,0,1,0,2,1,0,0,0,,,,3,33.3,29,21:57,1,0,19,9,67.9,
32,3/27/13,32,27-246,BOS_C,,MTL,L-SO,1,3,4,3,0,0,1,0,0,,,,2,50,30,24:50:00,2,3,23,11,67.6,
33,3/30/13,33,27-249,BOS_C,@,PHI,L,0,0,0,-2,2,0,0,0,0,,,,2,0,27,19:44,1,1,7,13,35,
34,3/31/13,34,27-250,BOS_C,@,BUF,W,0,0,0,0,0,0,0,0,0,,,,1,0,23,19:30,0,1,15,12,55.6,
35,4/2/13,35,27-252,BOS_C,,OTT,W,0,0,0,1,0,0,0,0,0,,,,3,0,14,9:06,0,0,7,2,77.8,
36,4/17/13,36,27-267,BOS_C,,BUF,L-SO,0,0,0,0,2,0,0,0,0,,,,6,0,29,19:52,1,0,13,4,76.5,
37,4/20/13,37,27-270,BOS_C,,PIT,L,0,0,0,1,0,0,0,0,0,,,,4,0,25,20:55,1,0,19,9,67.9,
38,4/21/13,38,27-271,BOS_C,,FLA,W,0,1,1,1,0,0,0,0,0,,,,7,0,23,17:38,0,0,11,10,52.4,
39,4/23/13,39,27-273,BOS_C,@,PHI,L,0,0,0,-1,0,0,0,0,0,,,,5,0,21,18:11,1,0,9,9,50,
40,4/25/13,40,27-275,BOS_C,,TBL,W,0,0,0,1,2,0,0,0,0,,,,3,0,28,19:52,0,1,14,5,73.7,
41,4/27/13,41,27-277,BOS_C,@,WSH,L-OT,0,0,0,0,0,0,0,0,0,,,,2,0,25,20:57,1,0,13,8,61.9,
42,4/28/13,42,27-278,BOS_C,,OTT,L,0,0,0,-1,0,0,0,0,0,,,,5,0,24,19:36,0,1,17,7,70.8,
1,10/6/11,1,26-074,BOS_C,,PHI,L,0,0,0,0,0,0,0,0,0,,,,2,0,21,19:20,1,0,10,2,83.3,
2,10/8/11,2,26-076,BOS_C,,TBL,W,0,1,1,2,0,0,0,0,0,,,,2,0,26,18:11,1,1,8,8,50,
3,10/10/11,3,26-078,BOS_C,,COL,L,0,0,0,0,0,0,0,0,0,,,,5,0,23,18:21,2,2,10,8,55.6,
4,10/12/11,4,26-080,BOS_C,@,CAR,L,0,1,1,1,2,0,0,0,0,,,,2,0,26,20:30,0,2,16,7,69.6,
5,10/15/11,5,26-083,BOS_C,@,CHI,W,0,0,0,-1,2,0,0,0,0,,,,1,0,32,21:05,3,1,17,11,60.7,
6,10/18/11,6,26-086,BOS_C,,CAR,L,0,0,0,0,0,0,0,0,0,,,,2,0,31,21:46,0,0,17,14,54.8,
7,10/20/11,7,26-088,BOS_C,,TOR,W,1,0,1,1,0,1,0,0,0,,,,9,11.1,26,18:45,1,0,10,11,47.6,
8,10/22/11,8,26-090,BOS_C,,SJS,L,0,1,1,-1,0,0,0,0,0,,,,5,0,27,20:02,0,0,11,7,61.1,
9,10/27/11,9,26-095,BOS_C,,MTL,L,1,0,1,-1,0,0,1,0,0,,,,1,100,24,20:18,0,1,12,12,50,
10,10/29/11,10,26-097,BOS_C,@,MTL,L,0,1,1,0,0,0,0,0,0,,,,5,0,27,18:18,5,0,11,11,50,
11,11/1/11,11,26-100,BOS_C,,OTT,W,1,0,1,1,0,1,0,0,0,,,,5,20,28,22:04,0,1,9,9,50,
12,11/5/11,12,26-104,BOS_C,@,TOR,W,0,3,3,3,0,0,0,0,0,,,,0,,23,15:23,0,1,8,9,47.1,
13,11/7/11,13,26-106,BOS_C,,NYI,W,0,1,1,1,0,0,0,0,0,,,,2,0,25,19:27,0,0,9,7,56.3,
14,11/10/11,14,26-109,BOS_C,,EDM,W,0,0,0,0,2,0,0,0,0,,,,2,0,29,20:38,1,0,9,10,47.4,
15,11/12/11,15,26-111,BOS_C,,BUF,W,0,1,1,3,0,0,0,0,0,,,,3,0,26,19:46,1,2,16,4,80,
16,11/15/11,16,26-114,BOS_C,,NJD,W,0,1,1,1,0,0,0,0,0,,,,3,0,28,19:53,4,0,24,9,72.7,
17,11/17/11,17,26-116,BOS_C,,CBJ,W,0,0,0,0,0,0,0,0,0,,,,1,0,29,20:12,2,0,14,9,60.9,
18,11/19/11,18,26-118,BOS_C,@,NYI,W,1,0,1,1,0,1,0,0,1,,,,2,50,23,16:46,0,0,8,6,57.1,
19,11/21/11,19,26-120,BOS_C,@,MTL,W,0,0,0,1,0,0,0,0,0,,,,1,0,27,19:26,1,1,6,12,33.3,
20,11/23/11,20,26-122,BOS_C,@,BUF,W,0,2,2,1,0,0,0,0,0,,,,2,0,28,19:10,1,0,10,8,55.6,
21,11/25/11,21,26-124,BOS_C,,DET,L-SO,1,0,1,0,0,1,0,0,0,,,,2,50,22,19:27,1,4,10,9,52.6,
22,11/26/11,22,26-125,BOS_C,,WPG,W,0,0,0,0,0,0,0,0,0,,,,2,0,23,18:42,0,1,11,7,61.1,
23,11/30/11,23,26-129,BOS_C,@,TOR,W,0,0,0,1,0,0,0,0,0,,,,4,0,24,17:48,0,4,8,10,44.4,
24,12/3/11,24,26-132,BOS_C,,TOR,W,0,1,1,1,0,0,0,0,0,,,,2,0,24,17:23,1,0,19,4,82.6,
25,12/5/11,25,26-134,BOS_C,@,PIT,W,0,1,1,-1,0,0,0,0,0,,,,0,,26,18:37,0,0,16,15,51.6,
26,12/6/11,26,26-135,BOS_C,@,WPG,L,0,0,0,0,2,0,0,0,0,,,,3,0,25,18:58,1,0,13,7,65,
27,12/8/11,27,26-137,BOS_C,,FLA,L,0,0,0,0,0,0,0,0,0,,,,2,0,26,19:36,2,0,10,8,55.6,
28,12/10/11,28,26-139,BOS_C,@,CBJ,W,0,1,1,0,2,0,0,0,0,,,,0,,22,17:44,0,1,6,8,42.9,
29,12/13/11,29,26-142,BOS_C,,LAK,W,0,2,2,2,0,0,0,0,0,,,,1,0,24,16:02,3,1,13,6,68.4,
30,12/14/11,30,26-143,BOS_C,@,OTT,W,1,1,2,2,0,1,0,0,1,,,,4,25,25,15:16,2,1,9,10,47.4,
31,12/17/11,31,26-146,BOS_C,@,PHI,W,0,0,0,1,0,0,0,0,0,,,,5,0,26,17:23,0,0,12,8,60,
32,12/19/11,32,26-148,BOS_C,,MTL,W,0,1,1,0,0,0,0,0,0,,,,1,0,20,17:13,0,0,8,6,57.1,
33,12/23/11,33,26-152,BOS_C,,FLA,W,1,2,3,2,2,0,1,0,0,,,,5,20,21,16:01,0,0,10,2,83.3,
34,12/28/11,34,26-157,BOS_C,@,PHX,W,0,0,0,-1,0,0,0,0,0,,,,0,,22,14:38,1,2,12,8,60,
35,12/31/11,35,26-160,BOS_C,@,DAL,L,0,0,0,0,0,0,0,0,0,,,,2,0,25,17:05,0,0,11,10,52.4,
36,1/4/12,36,26-164,BOS_C,@,NJD,W,2,0,2,2,0,2,0,0,0,,,,2,100,22,15:58,1,1,3,3,50,
37,1/5/12,37,26-165,BOS_C,,CGY,W,2,1,3,3,2,2,0,0,0,,,,2,100,20,15:56,0,1,13,4,76.5,
38,1/7/12,38,26-167,BOS_C,,VAN,L,0,1,1,1,0,0,0,0,0,,,,5,0,31,19:47,1,1,13,12,52,
39,1/10/12,39,26-170,BOS_C,,WPG,W,0,2,2,1,0,0,0,0,0,,,,2,0,27,18:15,0,1,12,9,57.1,
40,1/12/12,40,26-172,BOS_C,,MTL,W,0,0,0,0,0,0,0,0,0,,,,2,0,19,15:40,1,2,5,10,33.3,
41,1/14/12,41,26-174,BOS_C,@,CAR,L,1,0,1,0,0,1,0,0,0,,,,4,25,21,17:52,1,2,11,7,61.1,
42,1/16/12,42,26-176,BOS_C,@,FLA,W,2,0,2,1,2,1,1,0,0,,,,6,33.3,25,19:05,0,1,11,13,45.8,
43,1/17/12,43,26-177,BOS_C,@,TBL,L,0,0,0,-1,0,0,0,0,0,,,,2,0,25,20:18,0,0,17,14,54.8,
44,1/19/12,44,26-179,BOS_C,@,NJD,W,0,0,0,1,0,0,0,0,0,,,,0,,21,18:00,0,0,9,11,45,
45,1/21/12,45,26-181,BOS_C,,NYR,L-OT,0,0,0,-1,0,0,0,0,0,,,,1,0,26,18:54,2,1,10,7,58.8,
46,1/22/12,46,26-182,BOS_C,@,PHI,W,1,1,2,0,0,1,0,0,0,,,,3,33.3,33,22:59,2,2,16,14,53.3,
47,1/24/12,47,26-184,BOS_C,@,WSH,L,0,2,2,0,0,0,0,0,0,,,,1,0,28,19:25,2,2,13,8,61.9,
48,1/31/12,48,26-191,BOS_C,,OTT,W,0,0,0,-2,0,0,0,0,0,,,,1,0,25,21:00,1,1,9,15,37.5,
49,2/2/12,49,26-193,BOS_C,,CAR,L,0,0,0,-2,0,0,0,0,0,,,,4,0,23,17:38,0,0,14,4,77.8,
50,2/4/12,50,26-195,BOS_C,,PIT,L,0,1,1,1,0,0,0,0,0,,,,0,,25,20:22,1,0,13,6,68.4,
51,2/5/12,51,26-196,BOS_C,@,WSH,W,0,2,2,3,2,0,0,0,0,,,,0,,23,18:42,0,2,15,9,62.5,
52,2/8/12,52,26-199,BOS_C,@,BUF,L,0,0,0,-2,0,0,0,0,0,,,,4,0,23,18:01,3,0,18,4,81.8,
53,2/11/12,53,26-202,BOS_C,,NSH,W,1,0,1,1,0,0,0,1,0,,,,3,33.3,28,20:17,0,1,15,10,60,
54,2/14/12,54,26-205,BOS_C,,NYR,L,0,0,0,-1,0,0,0,0,0,,,,4,0,22,18:18,0,1,11,6,64.7,
55,2/15/12,55,26-206,BOS_C,@,MTL,W,1,0,1,0,0,0,1,0,0,,,,5,20,29,23:23,0,1,13,12,52,
56,2/17/12,56,26-208,BOS_C,@,WPG,L,0,0,0,0,0,0,0,0,0,,,,1,0,27,18:27,1,3,9,12,42.9,
57,2/19/12,57,26-210,BOS_C,@,MIN,L,0,0,0,0,0,0,0,0,0,,,,0,,27,20:32,1,2,16,5,76.2,
58,2/22/12,58,26-213,BOS_C,@,STL,W,0,1,1,2,0,0,0,0,0,,,,2,0,25,20:04,1,4,9,6,60,
59,2/24/12,59,26-215,BOS_C,@,BUF,L-SO,0,0,0,-1,0,0,0,0,0,,,,1,0,26,20:32,2,0,8,12,40,
60,2/25/12,60,26-216,BOS_C,@,OTT,W,2,1,3,2,0,2,0,0,0,,,,9,22.2,25,19:29,0,1,9,6,60,
61,2/28/12,61,26-219,BOS_C,,OTT,L,0,0,0,0,0,0,0,0,0,,,,4,0,29,20:23,1,0,15,13,53.6,
62,3/1/12,62,26-221,BOS_C,,NJD,W,0,1,1,1,0,0,0,0,0,,,,1,0,27,20:15,1,1,16,4,80,
63,3/3/12,63,26-223,BOS_C,,NYI,L,0,0,0,0,0,0,0,0,0,,,,1,0,24,17:16,0,0,17,9,65.4,
64,3/4/12,64,26-224,BOS_C,@,NYR,L,0,0,0,-1,0,0,0,0,0,,,,1,0,25,22:00,1,1,11,12,47.8,
65,3/6/12,65,26-226,BOS_C,@,TOR,W,0,1,1,1,2,0,0,0,0,,,,2,0,26,16:52,1,0,10,7,58.8,
66,3/8/12,66,26-228,BOS_C,,BUF,W,0,0,0,1,0,0,0,0,0,,,,4,0,23,17:15,0,0,20,7,74.1,
67,3/10/12,67,26-230,BOS_C,,WSH,L,0,1,1,3,0,0,0,0,0,,,,1,0,25,18:00,0,0,15,8,65.2,
68,3/11/12,68,26-231,BOS_C,@,PIT,L,0,0,0,0,0,0,0,0,0,,,,0,,12,7:19,0,1,4,5,44.4,
69,3/13/12,69,26-233,BOS_C,@,TBL,L,0,0,0,-1,0,0,0,0,0,,,,1,0,24,17:26,1,0,20,7,74.1,
70,3/15/12,70,26-235,BOS_C,@,FLA,L,0,0,0,-1,0,0,0,0,0,,,,2,0,25,17:50,3,0,13,10,56.5,
71,3/17/12,71,26-237,BOS_C,,PHI,W,0,1,1,0,0,0,0,0,0,,,,4,0,26,21:02,0,2,12,5,70.6,
72,3/19/12,72,26-239,BOS_C,,TOR,W,0,0,0,0,0,0,0,0,0,,,,1,0,17,13:23,0,0,3,4,42.9,
73,3/22/12,73,26-242,BOS_C,@,SJS,L,0,0,0,0,0,0,0,0,0,,,,0,,22,19:00,0,1,6,5,54.5,
74,3/24/12,74,26-244,BOS_C,@,LAK,W,1,0,1,0,0,0,0,1,0,,,,3,33.3,26,18:14,2,2,11,11,50,
75,3/25/12,75,26-245,BOS_C,@,ANA,W,0,0,0,1,0,0,0,0,0,,,,2,0,27,18:21,0,0,17,10,63,
76,3/27/12,76,26-247,BOS_C,,TBL,W,0,1,1,1,0,0,0,0,0,,,,1,0,24,19:04,4,1,20,5,80,
77,3/29/12,77,26-249,BOS_C,,WSH,L-SO,0,0,0,-1,0,0,0,0,0,,,,2,0,24,19:19,1,0,18,7,72,
78,3/31/12,78,26-251,BOS_C,@,NYI,W,1,1,2,3,0,1,0,0,0,,,,5,20,21,17:38,1,1,13,6,68.4,
79,4/1/12,79,26-252,BOS_C,@,NYR,W,1,0,1,1,0,0,1,0,1,,,,2,50,25,18:09,1,0,17,2,89.5,
80,4/3/12,80,26-254,BOS_C,,PIT,L,0,0,0,-2,0,0,0,0,0,,,,0,,21,16:55,2,0,10,10,50,
81,4/7/12,81,26-258,BOS_C,,BUF,W,0,3,3,2,0,0,0,0,0,,,,2,0,22,19:18,0,1,10,10,50,
1,10/9/10,1,25-077,BOS_C,,PHX,L,0,0,0,-1,0,0,0,0,0,,,,3,0,21,18:04,0,1,11,6,64.7,
2,10/10/10,2,25-078,BOS_C,@,PHX,W,0,0,0,0,0,0,0,0,0,,,,2,0,22,15:19,0,0,9,12,42.9,
3,10/16/10,3,25-084,BOS_C,@,NJD,W,0,0,0,1,0,0,0,0,0,,,,2,0,21,18:19,0,0,10,7,58.8,
4,10/19/10,4,25-087,BOS_C,@,WSH,W,0,0,0,1,0,0,0,0,0,,,,0,,24,19:43,0,0,4,14,22.2,
5,10/21/10,5,25-089,BOS_C,,WSH,W,0,2,2,0,4,0,0,0,0,,,,5,0,19,14:43,1,2,7,7,50,
6,10/23/10,6,25-091,BOS_C,,NYR,L,0,0,0,0,0,0,0,0,0,,,,2,0,23,19:20,0,0,10,5,66.7,
7,10/28/10,7,25-096,BOS_C,,TOR,W,1,0,1,0,0,0,1,0,1,,,,4,25,24,16:23,2,0,7,10,41.2,
8,10/30/10,8,25-098,BOS_C,@,OTT,W,0,1,1,1,0,0,0,0,0,,,,1,0,19,16:31,1,1,4,6,40,
9,11/3/10,9,25-102,BOS_C,@,BUF,W,1,0,1,1,2,0,0,1,0,,,,4,25,17,17:25,0,0,8,13,38.1,
10,11/5/10,10,25-104,BOS_C,@,WSH,L,0,1,1,-2,0,0,0,0,0,,,,0,,22,17:42,2,3,13,8,61.9,
11,11/6/10,11,25-105,BOS_C,,STL,L-SO,0,0,0,0,0,0,0,0,0,,,,1,0,23,21:14,0,0,9,9,50,
12,11/10/10,12,25-109,BOS_C,@,PIT,W,0,2,2,1,0,0,0,0,0,,,,1,0,26,20:32,1,0,18,9,66.7,
13,11/11/10,13,25-110,BOS_C,,MTL,L,0,1,1,1,0,0,0,0,0,,,,4,0,25,20:52,0,1,14,7,66.7,
14,11/13/10,14,25-112,BOS_C,,OTT,L,0,0,0,0,0,0,0,0,0,,,,3,0,24,20:20,0,0,8,6,57.1,
15,11/15/10,15,25-114,BOS_C,,NJD,W,0,1,1,1,0,0,0,0,0,,,,1,0,22,19:36,1,0,8,5,61.5,
16,11/17/10,16,25-116,BOS_C,@,NYR,W,0,0,0,1,0,0,0,0,0,,,,3,0,24,19:40,1,1,14,16,46.7,
17,11/18/10,17,25-117,BOS_C,,FLA,W,0,2,2,3,2,0,0,0,0,,,,3,0,24,16:32,0,2,11,10,52.4,
18,11/20/10,18,25-119,BOS_C,,LAK,L-SO,1,0,1,-1,0,0,1,0,0,,,,4,25,24,19:53,0,1,14,5,73.7,
19,11/22/10,19,25-121,BOS_C,@,TBL,L,0,0,0,0,0,0,0,0,0,,,,5,0,21,15:56,0,0,7,6,53.8,
20,11/24/10,20,25-123,BOS_C,@,FLA,W,0,0,0,0,0,0,0,0,0,,,,1,0,18,15:22,1,2,6,10,37.5,
21,11/26/10,21,25-125,BOS_C,,CAR,L,0,0,0,0,0,0,0,0,0,,,,1,0,22,18:08,1,0,7,7,50,
22,11/28/10,22,25-127,BOS_C,@,ATL,L,0,0,0,-1,0,0,0,0,0,,,,0,,20,20:08,1,1,12,12,50,
23,12/1/10,23,25-130,BOS_C,@,PHI,W,1,0,1,0,0,0,1,0,1,,,,2,50,23,17:15,0,0,8,11,42.1,
24,12/2/10,24,25-131,BOS_C,,TBL,W,0,0,0,0,0,0,0,0,0,,,,1,0,20,15:58,0,1,7,8,46.7,
25,12/4/10,25,25-133,BOS_C,@,TOR,L-SO,0,0,0,0,2,0,0,0,0,,,,5,0,26,17:43,1,2,15,10,60,
26,12/7/10,26,25-136,BOS_C,,BUF,W,0,0,0,0,0,0,0,0,0,,,,3,0,22,18:05,0,1,11,6,64.7,
27,12/9/10,27,25-138,BOS_C,,NYI,W,1,0,1,0,0,1,0,0,0,,,,1,100,20,15:07,0,0,13,3,81.3,
28,12/11/10,28,25-140,BOS_C,,PHI,L-OT,0,0,0,0,0,0,0,0,0,,,,6,0,26,18:31,0,0,13,4,76.5,
29,12/15/10,29,25-144,BOS_C,@,BUF,L,0,0,0,0,2,0,0,0,0,,,,3,0,23,16:56,1,1,12,9,57.1,
30,12/16/10,30,25-145,BOS_C,@,MTL,L,0,2,2,1,0,0,0,0,0,,,,2,0,24,18:48,0,2,12,7,63.2,
31,12/18/10,31,25-147,BOS_C,,WSH,W,1,1,2,1,0,1,0,0,0,,,,4,25,22,18:07,1,0,6,11,35.3,
32,12/20/10,32,25-149,BOS_C,,ANA,L,0,0,0,-1,0,0,0,0,0,,,,4,0,21,17:01,0,1,9,3,75,
33,12/23/10,33,25-152,BOS_C,,ATL,W,1,1,2,0,0,0,0,1,0,,,,3,33.3,20,16:53,0,0,12,5,70.6,
34,12/27/10,34,25-156,BOS_C,@,FLA,W,0,0,0,0,0,0,0,0,0,,,,2,0,22,16:39,2,1,8,6,57.1,
35,12/28/10,35,25-157,BOS_C,@,TBL,W,0,1,1,0,2,0,0,0,0,,,,3,0,23,16:38,0,0,11,10,52.4,
36,12/30/10,36,25-159,BOS_C,@,ATL,L-SO,1,0,1,1,0,1,0,0,0,,,,3,33.3,23,19:18,1,1,13,6,68.4,
37,1/1/11,37,25-161,BOS_C,@,BUF,L-SO,0,1,1,1,0,0,0,0,0,,,,1,0,28,18:21,0,1,13,11,54.2,
38,1/3/11,38,25-163,BOS_C,@,TOR,W,0,0,0,-1,0,0,0,0,0,,,,2,0,21,15:58,0,0,6,7,46.2,
39,1/6/11,39,25-166,BOS_C,,MIN,L,0,1,1,0,0,0,0,0,0,,,,2,0,19,15:55,1,0,4,5,44.4,
40,1/8/11,40,25-168,BOS_C,@,MTL,L-OT,2,0,2,2,0,2,0,0,0,,,,2,100,25,19:12,1,1,7,16,30.4,
41,1/10/11,41,25-170,BOS_C,@,PIT,W,0,2,2,2,2,0,0,0,0,,,,1,0,24,18:14,0,2,7,5,58.3,
42,1/11/11,42,25-171,BOS_C,,OTT,W,3,0,3,4,0,3,0,0,1,,,,4,75,19,12:41,0,0,12,6,66.7,
43,1/13/11,43,25-173,BOS_C,,PHI,W,1,1,2,1,0,1,0,0,0,,,,4,25,23,19:16,0,2,16,8,66.7,
44,1/15/11,44,25-175,BOS_C,,PIT,L,0,0,0,-1,0,0,0,0,0,,,,1,0,20,17:50,0,0,11,6,64.7,
45,1/17/11,45,25-177,BOS_C,,CAR,W,1,1,2,1,0,1,0,0,0,,,,5,20,20,18:23,1,0,9,7,56.3,
46,1/18/11,46,25-178,BOS_C,@,CAR,W,0,0,0,1,0,0,0,0,0,,,,0,,24,17:32,1,1,11,7,61.1,
47,1/20/11,47,25-180,BOS_C,,BUF,L,0,0,0,0,0,0,0,0,0,,,,2,0,23,18:44,0,0,13,5,72.2,
48,1/22/11,48,25-182,BOS_C,@,COL,W,1,2,3,3,0,1,0,0,0,,,,7,14.3,32,18:29,0,1,13,7,65,
49,1/24/11,49,25-184,BOS_C,@,LAK,L,0,0,0,0,0,0,0,0,0,,,,1,0,24,18:39,2,1,9,13,40.9,
50,1/26/11,50,25-186,BOS_C,,FLA,W,0,1,1,0,0,0,0,0,0,,,,3,0,27,19:15,0,2,17,4,81,
51,2/1/11,51,25-192,BOS_C,@,CAR,W,1,0,1,0,0,1,0,0,1,,,,3,33.3,24,18:24,0,0,15,6,71.4,
52,2/3/11,52,25-194,BOS_C,,DAL,W,2,1,3,2,0,2,0,0,0,,,,4,50,25,17:58,0,1,7,13,35,
53,2/5/11,53,25-196,BOS_C,,SJS,L,0,0,0,-1,0,0,0,0,0,,,,3,0,24,20:20,1,2,9,11,45,
54,2/9/11,54,25-200,BOS_C,,MTL,W,0,1,1,0,0,0,0,0,0,,,,2,0,25,18:59,0,1,11,8,57.9,
55,2/11/11,55,25-202,BOS_C,,DET,L,0,0,0,-3,2,0,0,0,0,,,,5,0,27,19:29,0,0,17,4,81,
56,2/13/11,56,25-204,BOS_C,@,DET,L,0,0,0,-1,0,0,0,0,0,,,,2,0,25,19:35,2,0,10,7,58.8,
57,2/15/11,57,25-206,BOS_C,,TOR,L,1,0,1,0,0,1,0,0,0,,,,4,25,22,18:50,0,2,5,8,38.5,
58,2/17/11,58,25-208,BOS_C,@,NYI,W,0,1,1,1,0,0,0,0,0,,,,4,0,20,15:49,0,1,13,5,72.2,
59,2/18/11,59,25-209,BOS_C,@,OTT,W,0,1,1,1,0,0,0,0,0,,,,2,0,24,20:22,0,1,12,12,50,
60,2/22/11,60,25-213,BOS_C,@,CGY,W,0,1,1,1,2,0,0,0,0,,,,2,0,24,15:55,1,1,11,6,64.7,
61,2/26/11,61,25-217,BOS_C,@,VAN,W,1,0,1,0,0,1,0,0,0,,,,3,33.3,24,14:43,1,2,4,11,26.7,
62,2/27/11,62,25-218,BOS_C,@,EDM,W,0,0,0,0,0,0,0,0,0,,,,3,0,22,17:50,0,1,7,6,53.8,
63,3/1/11,63,25-220,BOS_C,@,OTT,W,0,0,0,1,0,0,0,0,0,,,,1,0,21,14:49,0,0,6,1,85.7,
64,3/3/11,64,25-222,BOS_C,,TBL,W,0,0,0,-1,0,0,0,0,0,,,,2,0,23,20:05,1,0,10,10,50,
65,3/8/11,65,25-227,BOS_C,@,MTL,L,0,0,0,0,0,0,0,0,0,,,,3,0,25,16:10,1,0,13,3,81.3,
66,3/10/11,66,25-229,BOS_C,,BUF,L-OT,0,0,0,-1,0,0,0,0,0,,,,3,0,27,20:10,1,0,15,11,57.7,
67,3/11/11,67,25-230,BOS_C,@,NYI,L,0,0,0,-2,0,0,0,0,0,,,,3,0,25,17:38,0,0,12,12,50,
68,3/15/11,68,25-234,BOS_C,@,CBJ,W,0,0,0,0,2,0,0,0,0,,,,1,0,23,17:51,3,1,6,8,42.9,
69,3/17/11,69,25-236,BOS_C,@,NSH,L-OT,1,0,1,-1,0,1,0,0,0,,,,2,50,26,18:42,0,0,11,8,57.9,
70,3/19/11,70,25-238,BOS_C,@,TOR,L,0,0,0,-1,0,0,0,0,0,,,,3,0,20,15:47,1,1,10,9,52.6,
71,3/22/11,71,25-241,BOS_C,,NJD,W,0,2,2,2,0,0,0,0,0,,,,0,,23,18:17,2,1,10,6,62.5,
72,3/24/11,72,25-243,BOS_C,,MTL,W,0,1,1,1,0,0,0,0,0,,,,5,0,25,19:20,0,0,13,7,65,
73,3/26/11,73,25-245,BOS_C,,NYR,L,0,0,0,0,0,0,0,0,0,,,,2,0,20,17:39,1,0,9,9,50,
74,3/27/11,74,25-246,BOS_C,@,PHI,W,0,0,0,0,2,0,0,0,0,,,,4,0,23,17:39,1,1,10,9,52.6,
75,3/29/11,75,25-248,BOS_C,,CHI,W,0,1,1,2,0,0,0,0,0,,,,7,0,28,20:39,0,0,11,11,50,
76,3/31/11,76,25-250,BOS_C,,TOR,L-SO,0,1,1,0,0,0,0,0,0,,,,2,0,27,19:47,0,1,8,8,50,
77,4/2/11,77,25-252,BOS_C,,ATL,W,0,1,1,0,0,0,0,0,0,,,,3,0,19,16:22,1,1,15,4,78.9,
78,4/4/11,78,25-254,BOS_C,@,NYR,L,0,0,0,-1,2,0,0,0,0,,,,3,0,26,16:43,2,0,10,5,66.7,
79,4/6/11,79,25-256,BOS_C,,NYI,W,0,0,0,0,0,0,0,0,0,,,,1,0,19,17:06,1,2,9,6,60,
80,4/10/11,80,25-260,BOS_C,@,NJD,L,0,0,0,0,0,0,0,0,0,,,,2,0,17,14:57,1,0,7,4,63.6,
1,10/1/09,1,24-069,BOS_C,,WSH,L,1,0,1,-1,0,1,0,0,0,,,,2,50,22,17:11,0,0,8,7,53.3,
2,10/3/09,2,24-071,BOS_C,,CAR,W,0,1,1,-1,2,0,0,0,0,,,,3,0,22,17:49,0,1,10,10,50,
3,10/8/09,3,24-076,BOS_C,,ANA,L,0,0,0,0,0,0,0,0,0,,,,3,0,20,16:29,1,0,4,9,30.8,
4,10/10/09,4,24-078,BOS_C,,NYI,W,0,0,0,0,0,0,0,0,0,,,,0,,24,20:04,1,1,3,9,25,
5,10/12/09,5,24-080,BOS_C,,COL,L,0,1,1,1,0,0,0,0,0,,,,1,0,21,17:23,0,0,13,5,72.2,
6,10/16/09,6,24-084,BOS_C,@,DAL,W,1,1,2,1,2,1,0,0,0,,,,2,50,21,15:52,2,0,10,6,62.5,
7,10/17/09,7,24-085,BOS_C,@,PHX,L,0,0,0,-1,0,0,0,0,0,,,,5,0,24,17:42,3,0,11,10,52.4,
8,10/21/09,8,24-089,BOS_C,,NSH,W,1,0,1,1,0,1,0,0,0,,,,1,100,23,18:35,0,1,11,6,64.7,
9,10/22/09,9,24-090,BOS_C,@,PHI,L-SO,0,0,0,-1,0,0,0,0,0,,,,2,0,27,20:13,0,0,13,10,56.5,
10,10/24/09,10,24-092,BOS_C,@,OTT,W,0,1,1,1,0,0,0,0,0,,,,2,0,32,21:01,0,0,18,8,69.2,
11,10/29/09,11,24-097,BOS_C,,NJD,L,1,0,1,0,0,1,0,0,0,,,,4,25,22,19:56,1,1,9,9,50,
12,10/31/09,12,24-099,BOS_C,,EDM,W,0,0,0,0,2,0,0,0,0,,,,1,0,22,19:24,1,1,10,6,62.5,
13,11/1/09,13,24-100,BOS_C,@,NYR,L,0,0,0,0,0,0,0,0,0,,,,2,0,21,21:06,2,1,12,8,60,
14,11/3/09,14,24-102,BOS_C,@,DET,L,0,0,0,-1,0,0,0,0,0,,,,4,0,24,20:20,0,0,11,13,45.8,
15,11/5/09,15,24-104,BOS_C,,MTL,L-SO,1,0,1,1,0,1,0,0,0,,,,7,14.3,28,22:21,1,0,13,9,59.1,
16,11/7/09,16,24-106,BOS_C,,BUF,W,0,1,1,0,0,0,0,0,0,,,,2,0,29,20:28,0,1,14,13,51.9,
17,11/10/09,17,24-109,BOS_C,,PIT,W,1,1,2,2,0,0,0,1,0,,,,4,25,24,19:28,1,2,16,6,72.7,
18,11/12/09,18,24-111,BOS_C,,FLA,L-SO,0,0,0,0,0,0,0,0,0,,,,2,0,27,20:58,0,0,14,11,56,
19,11/14/09,19,24-113,BOS_C,@,PIT,L-OT,0,1,1,-1,0,0,0,0,0,,,,3,0,28,22:21,0,0,15,10,60,
20,11/16/09,20,24-115,BOS_C,,NYI,L,0,0,0,-4,2,0,0,0,0,,,,1,0,23,19:21,1,1,16,8,66.7,
21,11/19/09,21,24-118,BOS_C,@,ATL,W,0,0,0,-1,0,0,0,0,0,,,,4,0,25,21:22,0,2,15,10,60,
22,11/20/09,22,24-119,BOS_C,@,BUF,W,1,0,1,1,0,1,0,0,1,,,,2,50,24,18:20,3,0,9,9,50,
23,11/23/09,23,24-122,BOS_C,@,STL,W,0,4,4,1,0,0,0,0,0,,,,4,0,24,17:20,0,0,9,4,69.2,
24,11/25/09,24,24-124,BOS_C,@,MIN,W,0,0,0,0,0,0,0,0,0,,,,0,,25,22:31,0,2,12,8,60,
25,11/27/09,25,24-126,BOS_C,,NJD,L-SO,0,0,0,0,0,0,0,0,0,,,,5,0,27,19:28,1,0,11,5,68.8,
26,11/28/09,26,24-127,BOS_C,,OTT,W,0,0,0,-2,0,0,0,0,0,,,,1,0,24,16:01,0,2,8,7,53.3,
27,12/2/09,27,24-131,BOS_C,,TBL,W,1,2,3,3,0,1,0,0,1,,,,3,33.3,28,15:35,0,0,14,5,73.7,
28,12/4/09,28,24-133,BOS_C,@,MTL,L,0,0,0,0,0,0,0,0,0,,,,0,,22,17:31,0,3,9,3,75,
29,12/5/09,29,24-134,BOS_C,,TOR,W,0,2,2,2,0,0,0,0,0,,,,0,,26,17:44,0,1,15,5,75,
30,12/10/09,30,24-139,BOS_C,,TOR,W,0,1,1,1,2,0,0,0,0,,,,3,0,25,16:58,0,1,6,8,42.9,
31,12/12/09,31,24-141,BOS_C,@,NYI,L-OT,0,0,0,0,0,0,0,0,0,,,,2,0,21,14:41,2,0,6,5,54.5,
32,12/14/09,32,24-143,BOS_C,,PHI,L,0,0,0,-1,0,0,0,0,0,,,,2,0,21,18:38,0,2,10,5,66.7,
33,12/18/09,33,24-147,BOS_C,@,CHI,L-SO,0,2,2,3,0,0,0,0,0,,,,1,0,29,20:07,1,0,9,10,47.4,
34,12/19/09,34,24-148,BOS_C,@,TOR,L,0,0,0,0,2,0,0,0,0,,,,1,0,26,17:36,1,3,10,13,43.5,
35,12/21/09,35,24-150,BOS_C,@,OTT,W,1,0,1,1,0,1,0,0,1,,,,3,33.3,20,18:59,1,0,12,5,70.6,
36,12/23/09,36,24-152,BOS_C,,ATL,W,1,1,2,-1,2,1,0,0,0,,,,3,33.3,24,19:38,3,0,13,7,65,
37,12/27/09,37,24-156,BOS_C,@,FLA,W,0,0,0,-1,0,0,0,0,0,,,,3,0,21,17:11,1,1,4,10,28.6,
38,12/28/09,38,24-157,BOS_C,@,TBL,L,0,0,0,-1,0,0,0,0,0,,,,4,0,28,20:05,0,0,18,6,75,
39,12/30/09,39,24-159,BOS_C,,ATL,W,1,0,1,1,0,1,0,0,0,,,,4,25,23,16:39,0,1,10,6,62.5,
40,1/1/10,40,24-161,BOS_C,,PHI,W,0,1,1,1,0,0,0,0,0,,,,3,0,26,18:05,1,1,7,10,41.2,
41,1/4/10,41,24-164,BOS_C,@,NYR,L,0,0,0,0,0,0,0,0,0,,,,0,,12,8:17,0,0,6,7,46.2,
42,1/18/10,42,24-178,BOS_C,,OTT,L,0,0,0,-1,0,0,0,0,0,,,,1,0,21,16:56,1,1,0,2,0,
43,1/21/10,43,24-181,BOS_C,,CBJ,L,1,0,1,0,2,1,0,0,0,,,,4,25,25,18:28,1,0,2,0,100,
44,1/23/10,44,24-183,BOS_C,,OTT,L,0,1,1,0,0,0,0,0,0,,,,2,0,18,17:53,0,0,1,0,100,
45,1/24/10,45,24-184,BOS_C,@,CAR,L,0,0,0,-2,2,0,0,0,0,,,,1,0,24,18:48,0,0,7,6,53.8,
46,1/29/10,46,24-189,BOS_C,@,BUF,L,0,0,0,-1,0,0,0,0,0,,,,3,0,23,18:54,1,0,6,10,37.5,
47,1/30/10,47,24-190,BOS_C,,LAK,L-SO,0,0,0,0,0,0,0,0,0,,,,7,0,29,22:06,0,1,15,7,68.2,
48,2/2/10,48,24-193,BOS_C,,WSH,L,0,0,0,-2,2,0,0,0,0,,,,5,0,24,19:20,0,,,,,
49,2/4/10,49,24-195,BOS_C,,MTL,L-SO,0,0,0,0,0,0,0,0,0,,,,4,0,26,21:48,1,1,13,9,59.1,
50,2/6/10,50,24-197,BOS_C,,VAN,L-SO,0,1,1,0,0,0,0,0,0,,,,3,0,26,19:06,1,2,6,7,46.2,
51,2/7/10,51,24-198,BOS_C,@,MTL,W,0,2,2,2,0,0,0,0,0,,,,0,,28,20:22,2,1,10,10,50,
52,2/9/10,52,24-200,BOS_C,@,BUF,W,0,0,0,0,0,0,0,0,0,,,,1,0,27,18:46,0,0,14,9,60.9,
53,2/11/10,53,24-202,BOS_C,@,TBL,W,0,1,1,-1,0,0,0,0,0,,,,3,0,33,18:20,0,1,17,9,65.4,
54,2/13/10,54,24-204,BOS_C,@,FLA,W,0,0,0,0,2,0,0,0,0,,,,3,0,28,19:44,1,0,8,14,36.4,
55,3/6/10,55,24-225,BOS_C,@,NYI,W,0,1,1,0,2,0,0,0,0,,,,3,0,26,18:52,2,1,11,5,68.8,
56,3/7/10,56,24-226,BOS_C,@,PIT,L,0,0,0,0,0,0,0,0,0,,,,1,0,22,17:38,1,0,13,5,72.2,
57,3/9/10,57,24-228,BOS_C,@,TOR,L-OT,1,1,2,2,0,1,0,0,0,,,,2,50,27,19:45,2,0,14,7,66.7,
58,3/11/10,58,24-230,BOS_C,@,PHI,W,1,2,3,3,0,1,0,0,0,,,,2,50,24,17:00,1,0,12,6,66.7,
59,3/13/10,59,24-232,BOS_C,@,MTL,L,0,0,0,0,0,0,0,0,0,,,,1,0,24,18:48,0,1,10,7,58.8,
60,3/15/10,60,24-234,BOS_C,@,NJD,L,1,0,1,0,0,1,0,0,0,,,,4,25,24,18:29,0,1,14,11,56,
61,3/16/10,61,24-235,BOS_C,@,CAR,W,1,0,1,1,2,1,0,0,0,,,,4,25,26,16:43,0,0,13,6,68.4,
62,3/18/10,62,24-237,BOS_C,,PIT,L,0,0,0,-1,0,0,0,0,0,,,,1,0,21,16:46,1,0,5,5,50,
63,3/21/10,63,24-240,BOS_C,,NYR,W,0,0,0,0,2,0,0,0,0,,,,0,,30,20:53,2,1,12,7,63.2,
64,3/23/10,64,24-242,BOS_C,@,ATL,W,0,1,1,1,0,0,0,0,0,,,,0,,26,21:14,1,0,8,10,44.4,
65,3/25/10,65,24-244,BOS_C,,TBL,L,0,1,1,0,0,0,0,0,0,,,,5,0,25,21:36,0,0,7,14,33.3,
66,3/27/10,66,24-246,BOS_C,,CGY,W,1,1,2,2,0,1,0,0,0,,,,3,33.3,27,19:01,0,1,16,12,57.1,
67,3/29/10,67,24-248,BOS_C,,BUF,L,0,0,0,-1,0,0,0,0,0,,,,3,0,25,19:56,0,0,10,9,52.6,
68,3/30/10,68,24-249,BOS_C,@,NJD,W,1,0,1,1,0,1,0,0,1,,,,5,20,28,20:26,0,0,7,8,46.7,
69,4/1/10,69,24-251,BOS_C,,FLA,L,0,0,0,-1,0,0,0,0,0,,,,3,0,24,21:15,0,0,10,4,71.4,
70,4/3/10,70,24-253,BOS_C,@,TOR,W,0,0,0,0,0,0,0,0,0,,,,1,0,27,21:08,2,1,12,14,46.2,
71,4/5/10,71,24-255,BOS_C,@,WSH,L-OT,1,1,2,0,0,1,0,0,0,,,,4,25,28,17:37,0,0,18,8,69.2,
72,4/8/10,72,24-258,BOS_C,,BUF,W,0,0,0,0,0,0,0,0,0,,,,3,0,26,19:54,0,2,15,9,62.5,
73,4/10/10,73,24-260,BOS_C,,CAR,W,0,0,0,0,0,0,0,0,0,,,,3,0,26,21:51,1,1,18,6,75,